Sentence_ID,Source_Language,Target_Language,Source_Text,Target_Text,Domain,Sentence_Length,Translation_Quality,Speaker_Region,Formality
S0001,English,Luganda,Thank you very much.,[Luganda translation] Webale nnyo,Daily Conversation,4,High,Eastern,Formal
S0002,English,Lusoga,The patient needs medicine,[Lusoga translation] Omulwaire yetaaga obulezi,Health,4,High,Central,Informal
S0003,English,Luganda,Welcome,[Luganda translation] Tukwaniriza,Tourism,1,High,Western,Informal
S0004,English,Runyankole,School begins tomorrow,[Runyankore translation] Eishomero niritandika nyencakare,Education,3,High,West Nile,Formal
S0005,English,Luganda,Good morning,[Luganda translation] Wasuze otya,Business,2,High,Eastern,Formal
S0006,English,Lusoga,Thank you,[Lusoga translation] Webale,Agriculture,2,High,Western,Formal
S0007,English,Ateso,Open the door,[Ateso translation] Buka ebwogo.,Business,3,High,Eastern,Formal
S0008,English,Runyankole,The road is bad,[Runyankole translation] Oruguto nirubi,Business,4,High,Eastern,Informal
S0009,English,Lugbara,This park has many animals,[Lugbara translation] Jeredigada anakpaki minji,Tourism,5,High,Central,Formal
S0010,English,Acholi,This park has many animals,[Acholi translation] Kabedo pa lee ni tye ki lee mapol,Tourism,5,High,Western,Informal
S0011,English,Acholi,Good morning,[Acholi translation] Icoo Maber,Daily Conversation,2,High,Central,Informal
S0012,English,Acholi,The patient needs medicine,[Acholi translation] Latwo ni mito yat,Health,4,High,West Nile,Formal
S0013,English,Lugbara,Welcome,[Lugbara translation] Ma ai mira,Daily Conversation,1,High,Western,Formal
S0014,English,Runyankole,Thank you,[Runyankole translation] Webale,Daily Conversation,2,High,Eastern,Formal
S0015,English,Luganda,The crops are ready,[Luganda translation] Ebirime bikuze,Agriculture,4,High,Eastern,Informal
S0016,English,Luganda,Thank you,[Luganda translation] Webale,Health,2,High,Central,Formal
S0017,English,Lusoga,This park has many animals,[Lusoga translation] Paaka eno elina ensolo kamaala,Tourism,5,High,West Nile,Informal
S0018,English,Ateso,The crops are ready,[Ateso translation] Ebaret ekeda aiyare.,Agriculture,4,High,West Nile,Informal
S0019,English,Runyankole,Open the door,[Runyankole translation] Yigura orwigyi,Daily Conversation,3,High,West Nile,Formal
S0020,English,Ateso,The road is bad,[Ateso translation] Ebarabara ekeda aiboroit.,Daily Conversation,4,High,Eastern,Formal
S0021,English,Runyankole,The crops are ready,[Runyankole translation] Ebihingwa byahaire,Agriculture,4,High,Central,Informal
S0022,English,Lusoga,The road is bad,[Lusoga translation] Oluguudo lubi,Health,4,High,West Nile,Formal
S0023,English,Rukiga,Welcome,[Rukiga translation] Twakwakiira,Tourism,1,High,Eastern,Informal
S0024,English,Acholi,Good morning,[Acholi translation] Icoo Maber,Business,2,High,Central,Informal
S0025,English,Lugbara,The patient needs medicine,[Lugbara translation] Ba azoruri le aro,Health,4,High,Eastern,Informal
S0026,English,Runyankole,Wash your hands,[Runyankole translation] Naba engaro,Health,3,High,West Nile,Formal
S0027,English,Lusoga,Thank you,[Lusoga translation] Webale,Business,2,High,Central,Informal
S0028,English,Runyankole,We are going home,[Runyankole translation] Turiho ntuza omuka,Education,4,High,Northern,Informal
S0029,English,Runyankole,Open the door,[Runyankole translation] YIgura orwigyi,Tourism,3,High,West Nile,Informal
S0030,English,Acholi,Welcome,[Acholi translation] Wa joli,Business,1,High,Central,Informal
S0031,English,Runyankole,Wash your hands,[Runyankole translation] Naba engaro,Health,3,High,Northern,Formal
S0032,English,Lugbara,School begins tomorrow,[Lugbara translation] Sukulu la ido dusi,Education,3,High,Western,Formal
S0033,English,Lugbara,The patient needs medicine,[Lugbara translation] Ba azoruri le aro,Health,4,High,Western,Formal
S0034,English,Ateso,Wash your hands,[Ateso translation] Elota akani,Health,3,High,Eastern,Informal
S0035,English,Rukiga,The patient needs medicine,[Rukiga translation] Omurwaire nayetenga embazi,Health,4,High,Central,Informal
S0036,English,Runyankole,The crops are ready,[Runyankole translation] Ebihingwa byahaire,Agriculture,4,High,Central,Formal
S0037,English,Lugbara,The patient needs medicine,[Lugbara translation] Ba azoruri le aro,Health,4,High,Central,Formal
S0038,English,Luganda,Welcome,[Luganda translation] Tukwaniriza,Agriculture,1,High,Western,Informal
S0039,English,Lusoga,The patient needs medicine,[Lusoga translation] Omulwaire yetaaga obulezi,Health,4,High,Northern,Informal
S0040,English,Rukiga,Wash your hands,[Rukiga translation] Naaba engaro zaawe,Health,3,High,Central,Formal
S0041,English,Rukiga,School begins tomorrow,[Rukiga translation] Eishomero niritandika nyencakare,Education,3,High,Western,Informal
S0042,English,Rukiga,We are going home,[Rukiga translation] Turiyo nituza omuka,Education,4,High,Central,Formal
S0043,English,Ateso,The crops are ready,[Ateso translation] Ebaret ekeda aiyare.,Agriculture,4,High,Central,Formal
S0044,English,Lugbara,Wash your hands,[Lugbara translation] Mi uji midriki,Health,3,High,Central,Informal
S0045,English,Lusoga,School begins tomorrow,[Lusoga translation] Eisomero litandika idho,Education,3,High,Western,Informal
S0046,English,Rukiga,Good morning,[Rukiga translation] Bwashesha gye,Tourism,2,High,Central,Formal
S0047,English,Rukiga,The market is busy today,[Rukiga translation] Akatare kijwire erizoba,Business,5,High,Eastern,Formal
S0048,English,Luganda,The crops are ready,[Luganda translation] Ebirime bikuze,Agriculture,4,High,Northern,Formal
S0049,English,Rukiga,Thank you,[Rukiga translation] Webare,Education,2,High,Eastern,Formal
S0001,English,Luganda,The road is bad,[Luganda translation] Ekkubo libi,Agriculture,4,High,Eastern,Formal
S0051,English,Ateso,This park has many animals,[Ateso translation] Epu eitur awujo,Tourism,5,High,Western,Informal
S0052,English,Luganda,Open the door,[Luganda translation] Ggulawo oluggi,Health,3,High,Central,Informal
S0053,English,Runyankole,The road is bad,[Runyankole translation] Oruguto nirubi,Tourism,4,High,Central,Informal
S0054,English,Luganda,Good morning,[Luganda translation] Wasuze otya,Daily Conversation,2,High,Northern,Informal
S0055,English,Runyankole,School begins tomorrow,[Runyankole translation] Isomero niritandika nkyakare,Education,3,High,Western,Formal
S0001,English,Luganda,The road is bad,[Luganda translation] Ekkubo libi,Agriculture,4,High,Eastern,Formal
S0057,English,Acholi,The crops are ready,[Acholi translation] Jami ma ki pito dong tye atera,Agriculture,4,High,Northern,Formal
S0058,English,Rukiga,Welcome,[Rukiga translation] Twakwakiira,Government,1,High,Central,Formal
S0059,English,Runyankole,Wash your hands,[Runyankole translation] Naba engaro,Health,3,High,West Nile,Informal
S0060,English,Ateso,We are going home,[Ateso translation] Alototo oire,Daily Conversation,4,High,Northern,Informal
S0061,English,Acholi,School begins tomorrow,[Acholi translation] Gang Kwan obi cake diki,Education,3,High,Northern,Informal
S0062,English,Rukiga,We are going home,[Rukiga translation] Turiyo nituza omuka,Tourism,4,High,Western,Informal
S0063,English,Ateso,Thank you,[Ateso translation] Eyalama noi.,Health,2,High,Northern,Formal
S0064,English,Lusoga,Thank you,[Lusoga translation] Webale,Daily Conversation,2,High,Northern,Informal
S0065,English,Runyankole,Open the door,[Runyankole translation] YIgura orwigyi,Health,3,High,West Nile,Formal
S0066,English,Runyankole,The market is busy today,[Runyankole translation] Akatare kali busy,Business,5,High,Northern,Formal
S0067,English,Lugbara,The crops are ready,[Lugbara translation] Nyaka afukibo,Agriculture,4,High,Western,Formal
S0068,English,Lugbara,This park has many animals,[Lugbara translation] Jeredigada anakpaki minji,Tourism,5,High,Central,Informal
S0069,English,Acholi,The patient needs medicine,[Acholi translation] Latwo ni mito yat,Health,4,High,West Nile,Informal
S0070,English,Luganda,Wash your hands,[Luganda translation] Naaba emikono gyo,Health,3,High,West Nile,Informal
S0071,English,Acholi,The road is bad,[Acholi translation] Gudu ni rac,Tourism,4,High,Northern,Informal
S0072,English,Acholi,Thank you,[Acholi translation] Apwoyo,Agriculture,2,High,Northern,Formal
S0073,English,Runyankole,Welcome,[Runyankole translation] Twakushemererwa,Government,unknown,High,West Nile,Informal
S0074,English,Runyankole,Thank you,[Runyankole translation] Webale,Agriculture,2,High,Eastern,Formal
S0075,English,Acholi,Wash your hands,[Acholi translation] Lwok cingi,Health,3,High,West Nile,Informal
S0076,English,Lugbara,We are going home,[Lugbara translation] Ama mu akuwa,Agriculture,4,High,Northern,Informal
S0077,English,Runyankole,This park has many animals,[Runyankole translation] Ekishaka kyiine ebinyamaiswa bingi,Tourism,5,High,Western,Informal
S0078,English,Runyankole,This park has many animals,[Runyankole translation] Ekishaka kyiine ebinyamaiswa bingi,Tourism,5,High,Central,Informal
S0079,English,Lusoga,The patient needs medicine,[Lusoga translation] Omulwaire yetaaga obulezi,Health,4,High,Northern,Informal
S0080,English,Lusoga,This park has many animals,[Lusoga translation] Paaka eno elina ensolo kamaala,Tourism,5,High,Eastern,Informal
S0081,English,Luganda,Wash your hands,[Luganda translation] Naaba emikono gyo,Health,3,High,West Nile,Informal
S0082,English,Rukiga,The market is busy today,[Rukiga translation] Akatare kijwire erizoba,Business,5,High,Central,Informal
S0083,English,Ateso,Wash your hands,[Ateso translation] Elota akani,Health,3,High,West Nile,Formal
S0084,English,Ateso,We are going home,[Ateso translation] Alototo oire,Daily Conversation,4,High,Northern,Formal
S0085,English,Lugbara,The patient needs medicine,[Lugbara translation] Ba azoruri le aro,Health,4,High,Northern,Informal
S0086,English,Lusoga,The crops are ready,[Lusoga translation] Ebisimbe byatuuka,Agriculture,4,High,Central,Informal
S0087,English,Runyankole,Wash your hands,[Runyankole translation] Naba engaro,Health,3,High,Eastern,Formal
S0088,English,Lusoga,We are going home,[Lusoga translation] Tuli kugya waka,Agriculture,4,High,West Nile,Informal
S0089,English,Lugbara,The road is bad,[Lugbara translation] Njila unji,Business,4,High,West Nile,Formal
S0090,English,Lugbara,Welcome,[Lugbara translation] Ma ai mira,Business,1,High,West Nile,Informal
S0091,English,Rukiga,Thank you,[Rukiga translation] Webare,Health,2,High,Western,Formal
S0092,English,Ateso,Thank you,[Ateso translation] Eyalama noi.,Tourism,2,High,Western,Formal
S0093,English,Acholi,School begins tomorrow,[Acholi translation] Gang Kwan obi cake diki,Education,3,High,Western,Informal
S0094,English,Acholi,This park has many animals,[Acholi translation] Kabedo pa lee ni tye ki lee mapol,Tourism,5,High,West Nile,Informal
S0095,English,Lusoga,The market is busy today,[Lusoga translation] Akatale kalimu abantu kamala olwalelo,Business,5,High,Western,Formal
S0096,English,Lugbara,The patient needs medicine,[Lugbara translation] Ba azoruri le aro,Health,4,High,West Nile,Formal
S0097,English,Lugbara,The crops are ready,[Lugbara translation] Nyaka afukibo,Agriculture,4,High,Western,Informal
S0098,English,Luganda,The crops are ready,[Luganda translation] Ebirime bikuze,Agriculture,4,High,Eastern,Informal
S0099,English,Luganda,The market is busy today,[Luganda translation] Akatale kaliimu abantu bangi leero,Business,5,High,Western,Informal
S0100,English,Ateso,School begins tomorrow,[Ateso translation] Egenu esomero emoi,Education,3,High,Eastern,Formal
S0101,English,Rukiga,The market is busy today,[Rukiga translation] Akatare kijwire erizoba,Business,5,High,Northern,Formal
S0102,English,Lusoga,We are going home,[Lusoga translation] Tuli kugya waka,Education,4,High,Northern,Informal
S0103,English,Lugbara,The crops are ready,[Lugbara translation] Nyaka afukibo,Agriculture,4,High,West Nile,Informal
S0104,English,Acholi,We are going home,[Acholi translation] Watye ka dok gang,Agriculture,4,High,Central,Formal
S0105,English,Lusoga,Wash your hands,[Lusoga translation] Naaba engalo dho,Health,3,High,Western,Formal
S0106,English,Runyankole,Open the door,[Runyankole translation] YIgura orwigyi,Health,3,High,Eastern,Formal
S0107,English,Ateso,Good morning,[Ateso translation] Ber otingela.,Tourism,2,High,Eastern,Informal
S0108,English,Runyankole,This park has many animals,[Runyankole translation] Ekishaka kyiine ebinyamaiswa bingi,Tourism,5,High,Western,Formal
S0109,English,Ateso,Open the door,[Ateso translation] Buka ebwogo.,Daily Conversation,3,High,Central,Formal
S0110,English,Lugbara,Wash your hands,[Lugbara translation] Mi uji midriki,Health,unknown,High,Eastern,Informal
S0111,English,Ateso,Welcome,[Ateso translation] Ijalama anyin,Daily Conversation,1,High,Northern,Formal
S0112,English,Runyankole,The road is bad,[Runyankole translation] Oruguto nirubi,Tourism,4,High,Northern,Formal
S0113,English,Luganda,Thank you,[Luganda translation] Webale nnyo,Government,2,High,West Nile,Informal
S0114,English,Lugbara,The road is bad,[Lugbara translation] Njila unji,Health,4,High,West Nile,Formal
S0115,English,Ateso,The crops are ready,[Ateso translation] Ebaret ekeda aiyare.,Agriculture,4,High,Western,Informal
S0116,English,Runyankole,School begins tomorrow,[Runyankole translation] Isomero niritandika nkyakare,Education,3,High,West Nile,Formal
S0117,English,Acholi,Thank you,[Acholi translation] Apwoyo,Agriculture,2,High,Northern,Informal
S0118,English,Lugbara,We are going home,[Lugbara translation] Ama mu akuwa,Business,4,High,Northern,Informal
S0119,English,Lugbara,We are going home,[Lugbara translation] Ama mu akuwa,Education,4,High,Eastern,Informal
S0120,English,Lugbara,Welcome,[Lugbara translation] Ma ai mira,Business,1,High,Central,Formal
S0121,English,Lusoga,Open the door,[Lusoga translation] Igulawo olwigi,Tourism,3,High,Northern,Informal
S0122,English,Runyankole,Wash your hands,[Runyankole translation] Naba engaro,Health,3,High,Central,Formal
S0123,English,Lusoga,Welcome,[Lusoga translation] Tusangaile,Tourism,1,High,Central,Formal
S0124,English,Ateso,Welcome,[Ateso translation] Ijalama anyin,Tourism,1,High,Central,Informal
S0125,English,Rukiga,Thank you,[Rukiga translation] Webare,Tourism,2,High,Central,Informal
S0126,English,Lusoga,The crops are ready,[Lusoga translation] Ebisimbe byatuuka,Agriculture,4,High,Western,Informal
S0127,English,Acholi,Welcome,[Acholi translation] Wa joli,Health,1,High,Western,Informal
S0128,English,Acholi,We are going home,[Acholi translation] Watye ka dok gang,Tourism,4,High,West Nile,Informal
S0129,English,Lugbara,Open the door,[Lugbara translation] Indi kati,Daily Conversation,3,High,Central,Formal
S0130,English,Rukiga,School begins tomorrow,[Rukiga translation] Eishomero niritandika nyencakare,Education,3,High,Western,Informal
S0131,English,Runyankole,Open the door,[Runyankole translation] YIgura orwigyi,Government,3,High,Eastern,Formal
S0132,English,Rukiga,Welcome,[Rukiga translation] Twakwakiira,Education,1,High,Northern,Informal
S0133,English,Lusoga,Welcome,[Lusoga translation] Tusangaile,Education,1,High,Eastern,Informal
S0134,English,Lusoga,We are going home,[Lusoga translation] Tuli kugya waka,Agriculture,4,High,Central,Formal
S0135,English,Acholi,The crops are ready,[Acholi translation] Jami ma ki pito dong tye atera,Agriculture,4,High,West Nile,Informal
S0136,English,Lusoga,Wash your hands,[Lusoga translation] Naaba engalo dho,Health,3,High,Eastern,Informal
S0137,English,Luganda,Open the door,[Luganda translation] Ggulawo oluggi,Tourism,3,High,Northern,Formal
S0138,English,Acholi,The crops are ready,[Acholi translation] Jami ma ki pito dong tye atera,Agriculture,4,High,Northern,Formal
S0139,English,Lusoga,The crops are ready,[Lusoga translation] Ebisimbe byatuuka,Agriculture,4,High,Central,Formal
S0140,English,Acholi,Thank you,[Acholi translation] Apwoyo,Education,2,High,Eastern,Formal
S0141,English,Ateso,The road is bad,[Ateso translation] Ebarabara ekeda aiboroit.,Health,4,High,West Nile,Formal
S0142,English,Lugbara,This park has many animals,[Lugbara translation] Jeredigada anakpaki minji,Tourism,5,High,Northern,Formal
S0143,English,Lusoga,The market is busy today,[Lusoga translation] Akatale kalimu abantu kamala olwalelo,Business,5,High,West Nile,Informal
S0144,English,Rukiga,School begins tomorrow,[Rukiga translation] Eishomero niritandika nyencakare,Education,3,High,Northern,Formal
S0145,English,Ateso,The patient needs medicine,[Ateso translation] Ekotosi adeka ekia,Health,4,High,Eastern,Formal
S0146,English,Lugbara,School begins tomorrow,[Lugbara translation] Sukulu la ido dusi,Education,3,High,Central,Informal
S0147,English,Luganda,This park has many animals,[Luganda translation] Paaka eno erimu ensolo nyingi,Tourism,5,High,Northern,Formal
S0148,English,Lusoga,The crops are ready,[Lusoga translation] Ebisimbe byatuuka,Agriculture,4,High,Eastern,Formal
S0149,English,Acholi,Good morning,[Acholi translation] Icoo Maber,Daily Conversation,2,High,Central,Informal
S0150,English,Acholi,The patient needs medicine,[Acholi translation] Latwo ni mito yat,Health,4,High,Northern,Informal
S0151,English,Lugbara,We are going home,[Lugbara translation] Ama mu akuwa,Tourism,4,High,Central,Formal
S0152,English,Lugbara,The patient needs medicine,[Lugbara translation] Ba azoruri le aro,Health,4,High,Eastern,Formal
S0153,English,Acholi,Good morning,[Acholi translation] Icoo Maber,Agriculture,2,High,Northern,Formal
S0154,English,Rukiga,Thank you,[Rukiga translation] Webare,Daily Conversation,2,High,Eastern,Formal
S0155,English,Lusoga,The patient needs medicine,[Lusoga translation] Omulwaire yetaaga obulezi,Health,4,High,Central,Informal
S0156,English,Lusoga,Wash your hands,[Lusoga translation] Naaba engalo dho,Health,3,High,Eastern,Formal
S0157,English,Acholi,We are going home,[Acholi translation] Watye ka dok gang,Daily Conversation,4,High,Western,Informal
S0158,English,Luganda,School begins tomorrow,[Luganda translation] Essomero litandika enkya,Education,3,High,Northern,Formal
S0159,English,Luganda,Wash your hands,[Luganda translation] Naaba emikono gyo,Health,3,High,West Nile,Formal
S0160,English,Luganda,Welcome,[Luganda translation] Tukwaniriza,Health,1,High,Western,Formal
S0161,English,Acholi,Welcome,[Acholi translation] Wa joli,Government,1,High,Eastern,Informal
S0162,English,Acholi,The market is busy today,[Acholi translation] Cuk tye ka tic matek tin,Business,5,High,Western,Informal
S0163,English,Acholi,Welcome,[Acholi translation] Wa joli,Government,1,High,Central,Informal
S0164,English,Ateso,The crops are ready,[Ateso translation] Ebaret ekeda aiyare.,Agriculture,4,High,Western,Formal
S0165,English,Ateso,Good morning,[Ateso translation] Ber otingela.,Daily Conversation,2,High,Western,Formal
S0166,English,Ateso,We are going home,[Ateso translation] Alototo oire,Daily Conversation,4,High,West Nile,Formal
S0167,English,Ateso,Good morning,[Ateso translation] Ber otingela.,Education,2,High,Western,Formal
S0168,English,Runyankole,Wash your hands,[Runyankole translation] Naba engaro,Health,3,High,West Nile,Informal
S0169,English,Runyankole,The crops are ready,[Runyankole translation] Ebihingwa byahaire,Agriculture,4,High,Central,Informal
S0170,English,Ateso,Thank you,[Ateso translation] Eyalama noi.,Government,2,High,West Nile,Informal
S0171,English,Luganda,The patient needs medicine,[Luganda translation] Omulwadde yeetaaga eddagala,Health,4,High,Western,Informal
S0172,English,Runyankole,This park has many animals,[Runyankole translation] Ekishaka kyiine ebinyamaiswa bingi,Tourism,5,High,Northern,Informal
S0173,English,Lugbara,The market is busy today,[Lugbara translation] Su fi andu,Business,5,High,Northern,Formal
S0174,English,Lusoga,The market is busy today,[Lusoga translation] Akatale kalimu abantu kamala olwalelo,Business,5,High,Northern,Informal
S0175,English,Rukiga,School begins tomorrow,[Rukiga translation] Eishomero niritandika nyencakare,Education,3,High,Northern,Formal
S0176,English,Runyankole,The market is busy today,[Runyankole translation] Akatare kali busy,Business,5,High,West Nile,Informal
S0177,English,Lugbara,The patient needs medicine,[Lugbara translation] Ba azoruri le aro,Health,4,High,West Nile,Informal
S0178,English,Ateso,Wash your hands,[Ateso translation] Elota akani,Health,3,High,Northern,Informal
S0179,English,Lusoga,The road is bad,[Lusoga translation] Oluguudo lubi,Business,4,High,Western,Formal
S0180,English,Luganda,Open the door,[Luganda translation] Ggulawo oluggi,Business,3,High,Northern,Formal
S0181,English,Luganda,Welcome,[Luganda translation] Tukwaniriza,Tourism,1,High,Central,Formal
S0182,English,Luganda,Open the door,[Luganda translation] Ggulawo oluggi,Tourism,3,High,Eastern,Informal
S0183,English,Lusoga,Wash your hands,[Lusoga translation] Naaba engalo dho,Health,3,High,Western,Formal
S0184,English,Lugbara,The road is bad,[Lugbara translation] Njila unji,Health,4,High,Eastern,Formal
S0185,English,Lusoga,The road is bad,[Lusoga translation] Oluguudo lubi,Agriculture,4,High,Western,Formal
S0186,English,Luganda,School begins tomorrow,[Luganda translation] Essomero litandika enkya,Education,3,High,Central,Formal
S0187,English,Lugbara,Good morning,[Lugbara translation] Mi afu ngoni,Business,2,High,Northern,Formal
S0188,English,Runyankole,We are going home,[Runyankole translation] Turiyo nituza omuka,Health,4,High,Eastern,Informal
S0189,English,Acholi,Thank you,[Acholi translation] Apwoyo,Daily Conversation,2,High,West Nile,Informal
S0190,English,Acholi,This park has many animals,[Acholi translation] Kabedo pa lee ni tye ki lee mapol,Tourism,5,High,Eastern,Informal
S0191,English,Runyankole,We are going home,[Runyankole translation] Turiyo nituza omuka,Tourism,4,High,Eastern,Formal
S0192,English,Ateso,The road is bad,[Ateso translation] Ebarabara ekeda aiboroit.,Business,4,High,Central,Informal
S0193,English,Luganda,The patient needs medicine,[Luganda translation] Omulwadde yeetaaga eddagala,Health,4,High,Central,Formal
S0194,English,Lusoga,The road is bad,[Lusoga translation] Oluguudo lubi,Government,4,High,Eastern,Formal
S0195,English,Rukiga,School begins tomorrow,[Rukiga translation] Eishomero niritandika nyencakare,Education,3,High,Western,Informal
S0196,English,Lugbara,Open the door,[Lugbara translation] Indi kati,Government,3,High,Northern,Informal
S0197,English,Runyankole,We are going home,[Runyankole translation] Turiyo nituza omuka,Education,4,High,Western,Informal
S0198,English,Ateso,The road is bad,[Ateso translation] Ebarabara ekeda aiboroit.,Tourism,4,High,West Nile,Formal
S0199,English,Rukiga,The patient needs medicine,[Rukiga translation] Omurwaire nayetenga embazi,Health,4,High,Northern,Informal
S0200,English,Rukiga,School begins tomorrow,[Rukiga translation] Eishomero niritandika nyencakare,Education,3,High,Western,Formal
S0201,English,Lugbara,The patient needs medicine,[Lugbara translation] Ba azoruri le aro,Health,4,High,Western,Informal
S0202,English,Luganda,This park has many animals,[Luganda translation] Paaka eno erimu ensolo nyingi,Tourism,5,High,Western,Formal
S0203,English,Acholi,Welcome,[Acholi translation] Wa joli,Business,1,High,Northern,Informal
S0204,English,Lusoga,Thank you,[Lusoga translation] Webale,Government,2,High,Central,Formal
S0205,English,Runyankole,We are going home,[Runyankole translation] Turiyo nituza omuka,Government,4,High,Eastern,Formal
S0206,English,Luganda,Welcome,[Luganda translation] Tukwaniriza,Health,1,High,Eastern,Formal
S0207,English,Lusoga,School begins tomorrow,[Lusoga translation] Eisomero litandika idho,Education,3,High,Western,Formal
S0208,English,Luganda,The patient needs medicine,[Luganda translation] Omulwadde yeetaaga eddagala,Health,4,High,Central,Formal
S0209,English,Rukiga,Open the door,[Rukiga translation] Yaigura orwigi,Tourism,3,High,West Nile,Formal
S0210,English,Lusoga,Welcome,[Lusoga translation] Tusangaile,Daily Conversation,1,High,Northern,Formal
S0211,English,Ateso,School begins tomorrow,[Ateso translation] Egenu esomero emoi,Education,3,High,West Nile,Formal
S0212,English,Ateso,The patient needs medicine,[Ateso translation] Ekotosi adeka ekia,Health,4,High,Central,Informal
S0213,English,Rukiga,Welcome,[Rukiga translation] Twakwakiira,Tourism,1,High,Western,Formal
S0214,English,Luganda,The patient needs medicine,[Luganda translation] Omulwadde yeetaaga eddagala,Health,4,High,Central,Informal
S0215,English,Acholi,Thank you,[Acholi translation] Apwoyo,Agriculture,2,High,Northern,Informal
S0216,English,Ateso,Open the door,[Ateso translation] Buka ebwogo.,Health,3,High,Western,Formal
S0217,English,Ateso,Welcome,[Ateso translation] Ijalama anyin,Tourism,1,High,Northern,Formal
S0218,English,Lusoga,Open the door,[Lusoga translation] Igulawo olwigi,Agriculture,3,High,Eastern,Informal
S0219,English,Ateso,School begins tomorrow,[Ateso translation] Egenu esomero emoi,Education,3,High,Northern,Formal
S0220,English,Runyankole,Open the door,[Runyankole translation] YIgura orwigyi,Government,3,High,Western,Informal
S0221,English,Lusoga,The road is bad,[Lusoga translation] Oluguudo lubi,Tourism,4,High,Central,Formal
S0222,English,Ateso,Thank you,[Ateso translation] Eyalama noi.,Business,2,High,Western,Informal
S0223,English,Ateso,The market is busy today,[Ateso translation] Ipu etunya osokoni,Business,5,High,West Nile,Informal
S0224,English,Lusoga,Good morning,[Lusoga translation] Wasuze otya,Education,2,High,Eastern,Formal
S0225,English,Lusoga,The road is bad,[Lusoga translation] Oluguudo lubi,Agriculture,4,High,Western,Formal
S0226,English,Lugbara,The market is busy today,[Lugbara translation] Su fi andu,Business,5,High,Western,Informal
S0227,English,Runyankole,Welcome,[Runyankole translation] Twakushemererwa,Business,1,High,Eastern,Informal
S0228,English,Ateso,Good morning,[Ateso translation] Ber otingela.,Daily Conversation,2,High,Northern,Informal
S0229,English,Lugbara,Open the door,[Lugbara translation] Indi kati,Daily Conversation,3,High,Eastern,Informal
S0230,English,Acholi,The market is busy today,[Acholi translation] Cuk tye ka tic matek tin,Business,5,High,Western,Formal
S0231,English,Luganda,Open the door,[Luganda translation] Ggulawo oluggi,Daily Conversation,3,High,West Nile,Informal
S0232,English,Ateso,We are going home,[Ateso translation] Alototo oire,Daily Conversation,4,High,Central,Formal
S0233,English,Lugbara,Thank you,[Lugbara translation] Awodifo,Daily Conversation,2,High,Western,Formal
S0234,English,Acholi,The crops are ready,[Acholi translation] Jami ma ki pito dong tye atera,Agriculture,4,High,Northern,Formal
S0235,English,Ateso,The road is bad,[Ateso translation] Ebarabara ekeda aiboroit.,Government,4,High,West Nile,Informal
S0236,English,Lugbara,We are going home,[Lugbara translation] Ama mu akuwa,Education,4,High,Western,Informal
S0237,English,Lugbara,The road is bad,[Lugbara translation] Njila unji,Government,4,High,Northern,Informal
S0238,English,Lusoga,Open the door,[Lusoga translation] Igulawo olwigi,Education,3,High,Western,Formal
S0239,English,Ateso,Open the door,[Ateso translation] Buka ebwogo.,Government,3,High,Northern,Informal
S0240,English,Acholi,The road is bad,[Acholi translation] Gudu ni rac,Agriculture,4,High,West Nile,Informal
S0241,English,Luganda,The market is busy today,[Luganda translation] Akatale kaliimu abantu bangi leero,Business,5,High,Eastern,Formal
S0242,English,Lusoga,The market is busy today,[Lusoga translation] Akatale kalimu abantu kamala olwalelo,Business,5,High,Northern,Formal
S0243,English,Luganda,Open the door,[Luganda translation] Ggulawo oluggi,Agriculture,3,High,Western,Formal
S0244,English,Ateso,The crops are ready,[Ateso translation] Ebaret ekeda aiyare.,Agriculture,4,High,West Nile,Informal
S0245,English,Lusoga,Thank you,[Lusoga translation] Webale,Health,2,High,West Nile,Informal
S0246,English,Ateso,The road is bad,[Ateso translation] Ebarabara ekeda aiboroit.,Health,4,High,Western,Informal
S0247,English,Luganda,This park has many animals,[Luganda translation] Paaka eno erimu ensolo nyingi,Tourism,5,High,Central,Formal
S0248,English,Lusoga,The market is busy today,[Lusoga translation] Akatale kalimu abantu kamala olwalelo,Business,5,High,West Nile,Formal
S0249,English,Luganda,Welcome,[Luganda translation] Tukwaniriza,Business,1,High,Eastern,Informal
S0250,English,Luganda,Wash your hands,[Luganda translation] Naaba emikono gyo,Health,3,High,West Nile,Formal
S0251,English,Acholi,Open the door,[Acholi translation] Yab doggola,Daily Conversation,3,High,Eastern,Formal
S0252,English,Rukiga,The patient needs medicine,[Rukiga translation] Omurwaire nayetenga embazi,Health,4,High,Central,Formal
S0253,English,Lugbara,Good morning,[Lugbara translation] Mi afu ngoni,Agriculture,2,High,West Nile,Formal
S0254,English,Runyankole,The road is bad,[Runyankole translation] Oruguto nirubi,Health,4,High,Northern,Formal
S0255,English,Ateso,The road is bad,[Ateso translation] Ebarabara ekeda aiboroit.,Health,4,High,Central,Formal
S0256,English,Acholi,This park has many animals,[Acholi translation] Kabedo pa lee ni tye ki lee mapol,Tourism,5,High,Western,Informal
S0257,English,Lusoga,Welcome,[Lusoga translation] Tusangaile,Education,1,High,West Nile,Informal
S0258,English,Acholi,The road is bad,[Acholi translation] Gudu ni rac,Daily Conversation,4,High,Eastern,Informal
S0259,English,Luganda,Thank you,[Luganda translation] Webale,Health,2,High,Northern,Informal
S0260,English,Acholi,Thank you,[Acholi translation] Apwoyo,Daily Conversation,2,High,Central,Informal
S0261,English,Lusoga,The road is bad,[Lusoga translation] Oluguudo lubi,Government,4,High,Northern,Formal
S0262,English,Lugbara,Thank you,[Lugbara translation] Awodifo,Business,2,High,Northern,Formal
S0263,English,Luganda,The crops are ready,[Luganda translation] Ebirime bikuze,Agriculture,4,High,Northern,Informal
S0264,English,Lugbara,Open the door,[Lugbara translation] Indi kati,Agriculture,3,High,Eastern,Informal
S0265,English,Lusoga,Welcome,[Lusoga translation] Tusangaile,Business,1,High,Northern,Informal
S0266,English,Rukiga,School begins tomorrow,[Rukiga translation] Eishomero niritandika nyencakare,Education,3,High,Eastern,Informal
S0267,English,Runyankole,School begins tomorrow,[Runyankole translation] Isomero niritandika nkyakare,Education,3,High,Western,Informal
S0268,English,Ateso,The patient needs medicine,[Ateso translation] Ekotosi adeka ekia,Health,4,High,Central,Formal
S0269,English,Lusoga,Welcome,[Lusoga translation] Tusangaile,Health,1,High,Western,Informal
S0270,English,Acholi,The crops are ready,[Acholi translation] Jami ma ki pito dong tye atera,Agriculture,4,High,West Nile,Formal
S0271,English,Lusoga,School begins tomorrow,[Lusoga translation] Eisomero litandika idho,Education,3,High,Eastern,Informal
S0272,English,Runyankole,Open the door,[Runyankole translation] YIgura orwigyi,Government,3,High,Western,Informal
S0273,English,Lugbara,Thank you,[Lugbara translation] Awodifo,Agriculture,2,High,West Nile,Formal
S0274,English,Ateso,The patient needs medicine,[Ateso translation] Ekotosi adeka ekia,Health,4,High,Central,Informal
S0275,English,Runyankole,The crops are ready,[Runyankole translation] Ebihingwa byahaire,Agriculture,4,High,West Nile,Formal
S0276,English,Acholi,Wash your hands,[Acholi translation] Lwok cingi,Health,3,High,Central,Formal
S0094,English,Acholi,School begins tomorrow,[Acholi translation] Gang Kwan obi cake diki,Education,3,High,Western,Formal
S0278,English,Acholi,The crops are ready,[Acholi translation] Jami ma ki pito dong tye atera,Agriculture,4,High,Northern,Formal
S0279,English,Lusoga,Thank you,[Lusoga translation] Webale,Education,2,High,Eastern,Informal
S0280,English,Luganda,The road is bad,[Luganda translation] Ekkubo libi,Government,4,High,Northern,Informal
S0281,English,Lusoga,The road is bad,[Lusoga translation] Oluguudo lubi,Business,4,High,Northern,Informal
S0282,English,Lusoga,Thank you,[Lusoga translation] Webale,Education,2,High,Central,Informal
S0283,English,Lugbara,The market is busy today,[Lugbara translation] Su fi andu,Business,5,High,Central,Informal
S0284,English,Ateso,Open the door,[Ateso translation] Buka ebwogo.,Education,3,High,Central,Formal
S0285,English,Ateso,School begins tomorrow,[Ateso translation] Egenu esomero emoi,Education,3,High,West Nile,Formal
S0286,English,Lugbara,The road is bad,[Lugbara translation] Njila unji,Agriculture,4,High,Central,Informal
S0287,English,Lusoga,The road is bad,[Lusoga translation] Oluguudo lubi,Health,4,High,West Nile,Formal
S0288,English,Runyankole,Good morning,[Runyankole translation] Oreire ota,Business,2,High,Western,Informal
S0289,English,Rukiga,The road is bad,[Rukiga translation] Oruguuto nirubi,Daily Conversation,4,High,Eastern,Informal
S0290,English,Luganda,Thank you,[Luganda translation] Webale,Agriculture,2,High,Western,Formal
S0252,English,Acholi,Open the door,[Acholi translation] Yab doggola,Health,3,High,West Nile,Informal
S0292,English,Luganda,Welcome,[Luganda translation] Tukwaniriza,Agriculture,1,High,Western,Formal
S0293,English,Ateso,Good morning,[Ateso translation] Ber otingela.,Agriculture,2,High,Northern,Informal
S0294,English,Rukiga,Open the door,[Rukiga translation] Yaigura orwigi,Education,3,High,Northern,Formal
S0295,English,Lusoga,The road is bad,[Lusoga translation] Oluguudo lubi,Daily Conversation,4,High,Northern,Formal
S0296,English,Lusoga,Wash your hands,[Lusoga translation] Naaba engalo dho,Health,3,High,Eastern,Formal
S0297,English,Luganda,The road is bad,[Luganda translation] Ekkubo libi,Education,4,High,Northern,Informal
S0298,English,Ateso,The road is bad,[Ateso translation] Ebarabara ekeda aiboroit.,Agriculture,4,High,Northern,Informal
S0299,English,Rukiga,Good morning,[Rukiga translation] Bwashesha gye,Government,2,High,West Nile,Formal
S0095,English,Acholi,School begins tomorrow,[Acholi translation] Gang Kwan obi cake diki,Education,3,High,Eastern,Formal
S0301,English,Ateso,Open the door,[Ateso translation] Buka ebwogo.,Daily Conversation,3,High,Western,Informal
S0302,English,Lusoga,Wash your hands,[Lusoga translation] Naaba engalo dho,Health,3,High,Central,Formal
S0001,English,Luganda,The road is bad,[Luganda translation] Ekkubo libi,Agriculture,4,High,Eastern,Formal
S0304,English,Lugbara,Wash your hands,[Lugbara translation] Mi uji midriki,Health,3,High,Central,Formal
S0305,English,Lusoga,Thank you,[Lusoga translation] Webale,Health,2,High,West Nile,Informal
S0306,English,Acholi,Welcome,[Acholi translation] Wa joli,Government,1,High,Western,Formal
S0307,English,Luganda,The crops are ready,[Luganda translation] Ebirime bikuze,Agriculture,4,High,West Nile,Informal
S0308,English,Lugbara,Open the door,[Lugbara translation] Indi kati,Tourism,3,High,Central,Informal
S0309,English,Rukiga,We are going home,[Rukiga translation] Turiyo nituza omuka,Daily Conversation,4,High,Central,Informal
S0310,English,Lugbara,Open the door,[Lugbara translation] Indi kati,Health,3,High,West Nile,Informal
S0311,English,Runyankole,Open the door,[Runyankole translation] YIgura orwigyi,Health,3,High,Eastern,Informal
S0312,English,Luganda,The crops are ready,[Luganda translation] Ebirime bikuze,Agriculture,4,High,Northern,Informal
S0313,English,Rukiga,This park has many animals,[Rukiga translation] Paaka egi erimu enyamaishwa mingi,Tourism,5,High,West Nile,Formal
S0314,English,Lugbara,This park has many animals,[Lugbara translation] Jeredigada anakpaki minji,Tourism,5,High,Eastern,Formal
S0315,English,Acholi,Good morning,[Acholi translation] Icoo Maber,Government,2,High,Eastern,Formal
S0316,English,Acholi,This park has many animals,[Acholi translation] Kabedo pa lee ni tye ki lee mapol,Tourism,5,High,Western,Informal
S0317,English,Ateso,This park has many animals,[Ateso translation] Epu eitur awujo,Tourism,5,High,West Nile,Informal
S0318,English,Lugbara,The patient needs medicine,[Lugbara translation] Ba azoruri le aro,Health,4,High,Western,Formal
S0319,English,Runyankole,We are going home,[Runyankole translation] Turiyo nituza omuka,Daily Conversation,4,High,Central,Informal
S0320,English,Lugbara,School begins tomorrow,[Lugbara translation] Sukulu la ido dusi,Education,3,High,Western,Formal
S0321,English,Luganda,Wash your hands,[Luganda translation] Naaba emikono gyo,Health,3,High,Northern,Informal
S0322,English,Rukiga,The road is bad,[Rukiga translation] Oruguuto nirubi,Health,4,High,Western,Informal
S0323,English,Acholi,Thank you,[Acholi translation] Apwoyo,Business,2,High,Central,Formal
S0324,English,Lusoga,Good morning,[Lusoga translation] Wasuze otya,Daily Conversation,2,High,Western,Formal
S0325,English,Lugbara,The crops are ready,[Lugbara translation] Nyaka afukibo,Agriculture,4,High,Central,Informal
S0326,English,Luganda,We are going home,[Luganda translation] Tugenda waka,Daily Conversation,4,High,West Nile,Formal
S0327,English,Acholi,Welcome,[Acholi translation] Wa joli,Health,1,High,Eastern,Formal
S0328,English,Ateso,The market is busy today,[Ateso translation] Ipu etunya osokoni,Business,5,High,Eastern,Formal
S0329,English,Runyankole,School begins tomorrow,[Runyankole translation] Eishomero niritandika nyencakare,Education,3,High,West Nile,Informal
S0330,English,Ateso,Open the door,[Ateso translation] Buka ebwogo.,Daily Conversation,3,High,Eastern,Informal
S0331,English,Acholi,School begins tomorrow,[Acholi translation] Gang Kwan obi cake diki,Education,3,High,Eastern,Informal
S0332,English,Rukiga,Open the door,[Rukiga translation] Yaigura orwigi,Daily Conversation,3,High,West Nile,Formal
S0333,English,Lusoga,We are going home,[Lusoga translation] Tuli kugya waka,Government,4,High,Northern,Informal
S0334,English,Runyankole,The crops are ready,[Runyankole translation] Ebihingwa byahaire,Agriculture,4,High,West Nile,Formal
S0335,English,Luganda,The crops are ready,[Luganda translation] Ebirime bikuze,Agriculture,4,High,West Nile,Formal
S0336,English,Ateso,This park has many animals,[Ateso translation] Epu eitur awujo,Tourism,5,High,Eastern,Formal
S0337,English,Acholi,Thank you,[Acholi translation] Apwoyo,Government,2,High,Western,Formal
S0338,English,Ateso,Good morning,[Ateso translation] Ber otingela.,Agriculture,2,High,Western,Formal
S0339,English,Acholi,This park has many animals,[Acholi translation] Kabedo pa lee ni tye ki lee mapol,Tourism,5,High,Western,Informal
S0340,English,Lusoga,The market is busy today,[Lusoga translation] Akatale kalimu abantu kamala olwalelo,Business,5,High,Northern,Formal
S0341,English,Ateso,Open the door,[Ateso translation] Buka ebwogo.,Agriculture,3,High,Northern,Informal
S0342,English,Lusoga,The crops are ready,[Lusoga translation] Ebisimbe byatuuka,Agriculture,4,High,Eastern,Informal
S0343,English,Runyankole,The market is busy today,[Runyankole translation] Akatare kali busy,Business,5,High,Western,Formal
S0344,English,Runyankole,We are going home,[Runyankole translation] Turiyo nituza omuka,Government,4,High,Western,Formal
S0345,English,Lusoga,School begins tomorrow,[Lusoga translation] Eisomero litandika idho,Education,3,High,Northern,Informal
S0346,English,Acholi,Wash your hands,[Acholi translation] Lwok cingi,Health,3,High,West Nile,Informal
S0347,English,Luganda,We are going home,[Luganda translation] Tugenda waka,Government,4,High,Central,Informal
S0348,English,Ateso,We are going home,[Ateso translation] Alototo oire,Daily Conversation,4,High,Central,Informal
S0349,English,Lusoga,Thank you,[Lusoga translation] Webale,Education,2,High,Western,Informal
S0350,English,Acholi,The patient needs medicine,[Acholi translation] Latwo ni mito yat,Health,4,High,Eastern,Informal
S0351,English,Rukiga,Good morning,[Rukiga translation] Bwashesha gye,Business,2,High,Western,Informal
S0352,English,Rukiga,This park has many animals,[Rukiga translation] Paaka egi erimu enyamaishwa mingi,Tourism,5,High,Central,Informal
S0353,English,Runyankole,Wash your hands,[Runyankole translation] Naba engaro,Health,3,High,Western,Informal
S0354,English,Runyankole,The crops are ready,[Runyankole translation] Ebihingwa byahaire,Agriculture,4,High,Eastern,Informal
S0355,English,Ateso,Wash your hands,[Ateso translation] Elota akani,Health,3,High,West Nile,Informal
S0356,English,Lugbara,We are going home,[Lugbara translation] Ama mu akuwa,Business,4,High,Eastern,Informal
S0357,English,Lusoga,The road is bad,[Lusoga translation] Oluguudo lubi,Daily Conversation,4,High,West Nile,Formal
S0358,English,Lusoga,The road is bad,[Lusoga translation] Oluguudo lubi,Tourism,4,High,Eastern,Informal
S0359,English,Runyankole,School begins tomorrow,[Runyankole translation]Eishomero niritandika nyencakare,Education,3,High,West Nile,Formal
S0360,English,Runyankole,Open the door,[Runyankole translation] Yigura orwigyi,Education,3,High,West Nile,Informal
S0361,English,Runyankole,The road is bad,[Runyankole translation] Oruguto nirubi,Government,4,High,Eastern,Informal
S0362,English,Ateso,Good morning,[Ateso translation] Ber otingela.,Business,2,High,Northern,Formal
S0363,English,Lugbara,Good morning,[Lugbara translation] Mi afu ngoni,Tourism,2,High,Western,Formal
S0364,English,Luganda,Welcome,[Luganda translation] Tukwaniriza,Daily Conversation,1,High,Eastern,Formal
S0365,English,Acholi,Welcome,[Acholi translation] Wa joli,Agriculture,1,High,Northern,Formal
S0366,English,Acholi,Welcome,[Acholi translation] Wa joli,Health,1,High,West Nile,Informal
S0367,English,Luganda,We are going home,[Luganda translation] Tugenda waka,Business,4,High,West Nile,Informal
S0368,English,Ateso,Welcome,[Ateso translation] Ijalama anyin,Agriculture,1,High,Western,Informal
S0369,English,Luganda,Open the door,[Luganda translation] Ggulawo oluggi,Government,3,High,Northern,Informal
S0370,English,Rukiga,Wash your hands,[Rukiga translation] Naaba engaro zaawe,Health,3,High,Central,Formal
S0371,English,Lusoga,The road is bad,[Lusoga translation] Oluguudo lubi,Daily Conversation,4,High,Eastern,Informal
S0372,English,Acholi,The market is busy today,[Acholi translation] Cuk tye ka tic matek tin,Business,5,High,Central,Formal
S0373,English,Acholi,We are going home,[Acholi translation] Watye ka dok gang,Daily Conversation,4,High,Central,Informal
S0374,English,Acholi,School begins tomorrow,[Acholi translation] Gang Kwan obi cake diki,Education,3,High,Eastern,Informal
S0375,English,Acholi,The crops are ready,[Acholi translation] Jami ma ki pito dong tye atera,Agriculture,4,High,Eastern,Formal
S0376,English,Runyankole,The market is busy today,[Runyankole translation] Akatare kali busy,Business,5,High,Western,Informal
S0377,English,Luganda,The crops are ready,[Luganda translation] Ebirime bikuze,Agriculture,4,High,Western,Formal
S0378,English,Acholi,The road is bad,[Acholi translation] Gudu ni rac,Government,4,High,Central,Informal
S0379,English,Lugbara,We are going home,[Lugbara translation] Ama mu akuwa,Education,4,High,Central,Informal
S0380,English,Luganda,Welcome,[Luganda translation] Tukwaniriza,Education,1,High,Eastern,Formal
S0381,English,Acholi,We are going home,[Acholi translation] Watye ka dok gang,Daily Conversation,4,High,Eastern,Informal
S0382,English,Luganda,The crops are ready,[Luganda translation] Ebirime bikuze,Agriculture,4,High,West Nile,Formal
S0383,English,Ateso,The crops are ready,[Ateso translation] Ebaret ekeda aiyare.,Agriculture,4,High,West Nile,Formal
S0384,English,Luganda,Thank you,[Luganda translation] Webale,Tourism,2,High,Northern,Informal
S0385,English,Runyankole,We are going home,[Runyankole translation] Turiyo nituza omuka,Daily Conversation,4,High,Western,Formal
S0386,English,Luganda,This park has many animals,[Luganda translation] Paaka eno erimu ensolo nyingi,Tourism,5,High,Eastern,Formal
S0387,English,Lugbara,This park has many animals,[Lugbara translation] Jeredigada anakpaki minji,Tourism,5,High,Northern,Formal
S0388,English,Runyankole,Welcome,[Runyankole translation] Twakushemererwa,Education,1,High,Western,Informal
S0389,English,Runyankole,Thank you,[Runyankole translation] Webale,Daily Conversation,2,High,Western,Formal
S0390,English,Ateso,The market is busy today,[Ateso translation] Ipu etunya osokoni,Business,5,High,Western,Formal
S0391,English,Acholi,This park has many animals,[Acholi translation] Kabedo pa lee ni tye ki lee mapol,Tourism,5,High,Central,Formal
S0392,English,Lusoga,Thank you,[Lusoga translation] Webale,Business,2,High,Western,Informal
S0393,English,Ateso,Open the door,[Ateso translation] Buka ebwogo.,Health,3,High,Northern,Informal
S0394,English,Ateso,The road is bad,[Ateso translation] Ebarabara ekeda aiboroit.,Education,4,High,Northern,Informal
S0395,English,Luganda,Thank you,[Luganda translation] Webale,Education,2,High,Northern,Formal
S0396,English,Acholi,Wash your hands,[Acholi translation] Lwok cingi,Health,3,High,Northern,Informal
S0397,English,Runyankole,Thank you,[Runyankole translation] Webale,Tourism,2,High,Central,Informal
S0398,English,Runyankole,Wash your hands,[Runyankole translation] Naba engaro,Health,3,High,Central,Formal
S0399,English,Lusoga,This park has many animals,[Lusoga translation] Paaka eno elina ensolo kamaala,Tourism,5,High,Northern,Informal
S0400,English,Luganda,The road is bad,[Luganda translation] Ekkubo libi,Daily Conversation,4,High,West Nile,Informal
S0401,English,Luganda,Welcome,[Luganda translation] Tukwaniriza,Agriculture,1,High,Northern,Informal
S0402,English,Rukiga,The market is busy today,[Rukiga translation] Akatare kijwire erizoba,Business,5,High,Western,Informal
S0403,English,Rukiga,The crops are ready,[Rukiga translation] Ebihingwa byezire,Agriculture,4,High,West Nile,Informal
S0404,English,Lugbara,The road is bad,[Lugbara translation] Njila unji,Education,4,High,Northern,Formal
S0405,English,Runyankole,This park has many animals,[Runyankole translation] Ebihingwa byahaire,Tourism,5,High,West Nile,Formal
S0406,English,Ateso,We are going home,[Ateso translation] Alototo oire,Daily Conversation,4,High,Western,Informal
S0407,English,Ateso,The road is bad,[Ateso translation] Ebarabara ekeda aiboroit.,Education,4,High,West Nile,Informal
S0408,English,Lusoga,The crops are ready,[Lusoga translation] Ebisimbe byatuuka,Agriculture,4,High,West Nile,Informal
S0409,English,Lusoga,School begins tomorrow,[Lusoga translation] Eisomero litandika idho,Education,3,High,West Nile,Informal
S0410,English,Lugbara,We are going home,[Lugbara translation] Ama mu akuwa,Education,4,High,West Nile,Formal
S0411,English,Lusoga,Thank you,[Lusoga translation] Webale,Education,2,High,West Nile,Formal
S0412,English,Rukiga,The market is busy today,[Rukiga translation] Akatare kijwire erizoba,Business,5,High,Central,Formal
S0413,English,Lugbara,Welcome,[Lugbara translation] Ma ai mira,Government,1,High,Northern,Formal
S0414,English,Lugbara,The market is busy today,[Lugbara translation] Su fi andu,Business,5,High,West Nile,Informal
S0415,English,Acholi,Wash your hands,[Acholi translation] Lwok cingi,Health,3,High,West Nile,Informal
S0416,English,Lusoga,School begins tomorrow,[Lusoga translation] Eisomero litandika idho,Education,3,High,Eastern,Formal
S0417,English,Runyankole,Good morning,[Runyankole translation] Oraire ota,Education,2,High,Eastern,Informal
S0418,English,Ateso,The road is bad,[Ateso translation] Ebarabara ekeda aiboroit.,Daily Conversation,4,High,West Nile,Formal
S0419,English,Rukiga,Thank you,[Rukiga translation] Webare,Education,2,High,West Nile,Informal
S0420,English,Lusoga,Welcome,[Lusoga translation] Tusangaile,Business,1,High,Central,Informal
S0421,English,Runyankole,School begins tomorrow,[Runyankole translation] Eishomero niritandika nyencakare,Education,3,High,West Nile,Formal
S0422,English,Ateso,The crops are ready,[Ateso translation] Ebaret ekeda aiyare.,Agriculture,4,High,Central,Formal
S0423,English,Rukiga,The market is busy today,[Rukiga translation] Akatare kijwire erizoba,Business,5,High,Northern,Informal
S0424,English,Lusoga,This park has many animals,[Lusoga translation] Paaka eno elina ensolo kamaala,Tourism,5,High,Eastern,Formal
S0425,English,Luganda,Good morning,[Luganda translation] Wasuze otya,Business,2,High,West Nile,Formal
S0426,English,Acholi,Wash your hands,[Acholi translation] Lwok cingi,Health,3,High,Central,Formal
S0427,English,Lugbara,This park has many animals,[Lugbara translation] Jeredigada anakpaki minji,Tourism,5,High,West Nile,Formal
S0428,English,Acholi,Wash your hands,[Acholi translation] Lwok cingi,Health,3,High,Northern,Formal
S0429,English,Lugbara,Wash your hands,[Lugbara translation] Mi uji midriki,Health,3,High,Central,Informal
S0430,English,Rukiga,The road is bad,[Rukiga translation] Oruguuto nirubi,Government,4,High,Western,Formal
S0431,English,Luganda,This park has many animals,[Luganda translation] Paaka eno erimu ensolo nyingi,Tourism,5,High,West Nile,Informal
S0432,English,Luganda,Thank you,[Luganda translation] Webale,Agriculture,2,High,West Nile,Informal
S0433,English,Lugbara,The road is bad,[Lugbara translation] Njila unji,Business,4,High,West Nile,Formal
S0434,English,Acholi,Welcome,[Acholi translation] Wa joli,Tourism,1,High,Northern,Informal
S0435,English,Ateso,This park has many animals,[Ateso translation] Epu eitur awujo,Tourism,5,High,Central,Informal
S0436,English,Lusoga,Thank you,[Lusoga translation] Webale,Tourism,2,High,Central,Informal
S0437,English,Lusoga,Wash your hands,[Lusoga translation] Naaba engalo dho,Health,unknown,High,Eastern,Informal
S0438,English,Rukiga,This park has many animals,[Rukiga translation] Paaka egi erimu enyamaishwa mingi,Tourism,5,High,Central,Informal
S0439,English,Runyankole,Open the door,[Runyankole translation] Yigura orwigyi,Daily Conversation,3,High,Central,Informal
S0253,English,Acholi,Open the door,[Acholi translation] Yab doggola,Tourism,3,High,West Nile,Informal
S0441,English,Ateso,We are going home,[Ateso translation] Alototo oire,Daily Conversation,4,High,Central,Formal
S0442,English,Rukiga,Open the door,[Rukiga translation] Yaigura orwigi,Health,3,High,Western,Formal
S0443,English,Acholi,Thank you,[Acholi translation] Apwoyo,Health,2,High,Northern,Formal
S0444,English,Acholi,Wash your hands,[Acholi translation] Lwok cingi,Health,3,High,West Nile,Informal
S0445,English,Lusoga,The crops are ready,[Lusoga translation] Ebisimbe byatuuka,Agriculture,4,High,West Nile,Informal
S0446,English,Luganda,The market is busy today,[Luganda translation] Akatale kaliimu abantu bangi leero,Business,5,High,Central,Informal
S0447,English,Rukiga,Good morning,[Rukiga translation] Bwashesha gye,Agriculture,2,High,Northern,Formal
S0448,English,Rukiga,Welcome,[Rukiga translation] Twakwakiira,Business,1,High,Central,Formal
S0449,English,Runyankole,We are going home,[Runyankole translation] Turiyo nituza omuka,Tourism,4,High,Northern,Formal
S0450,English,Lusoga,The patient needs medicine,[Lusoga translation] Omulwaire yetaaga obulezi,Health,4,High,Eastern,Informal
S0451,English,Ateso,Good morning,[Ateso translation] Ber otingela.,Government,2,High,West Nile,Formal
S0452,English,Lusoga,Open the door,[Lusoga translation] Igulawo olwigi,Daily Conversation,3,High,Eastern,Informal
S0453,English,Lusoga,School begins tomorrow,[Lusoga translation] Eisomero litandika idho,Education,3,High,Western,Formal
S0454,English,Lugbara,Wash your hands,[Lugbara translation] Mi uji midriki,Health,3,High,Central,Informal
S0455,English,Acholi,The market is busy today,[Acholi translation] Cuk tye ka tic matek tin,Business,5,High,Central,Formal
S0456,English,Lugbara,We are going home,[Lugbara translation] Ama mu akuwa,Tourism,4,High,West Nile,Informal
S0457,English,Luganda,Wash your hands,[Luganda translation] Naaba emikono gyo,Health,3,High,West Nile,Formal
S0458,English,Runyankole,The crops are ready,[Runyankole translation] Ebihingwa byahaire,Agriculture,4,High,Central,Formal
S0459,English,Lusoga,The market is busy today,[Lusoga translation] Akatale kalimu abantu kamala olwalelo,Business,5,High,Northern,Formal
S0460,English,Luganda,The road is bad,[Luganda translation] Ekkubo libi,Health,4,High,Western,Formal
S0461,English,Runyankole,School begins tomorrow,[Runyankole translation] Eishomero niritandika nyencakare,Education,3,High,West Nile,Informal
S0462,English,Ateso,The crops are ready,[Ateso translation] Ebaret ekeda aiyare.,Agriculture,4,High,Northern,Formal
S0463,English,Ateso,The road is bad,[Ateso translation] Ebarabara ekeda aiboroit.,Agriculture,4,High,Central,Informal
S0464,English,Acholi,This park has many animals,[Acholi translation] Kabedo pa lee ni tye ki lee mapol,Tourism,5,High,West Nile,Informal
S0465,English,Acholi,Open the door,[Acholi translation] Yab doggola,Health,3,High,Western,Formal
S0466,English,Ateso,The crops are ready,[Ateso translation] Ebaret ekeda aiyare.,Agriculture,4,High,Eastern,Informal
S0467,English,Ateso,This park has many animals,[Ateso translation] Epu eitur awujo,Tourism,5,High,Eastern,Informal
S0468,English,Ateso,This park has many animals,[Ateso translation] Epu eitur awujo,Tourism,5,High,Central,Informal
S0469,English,Ateso,Thank you,[Ateso translation] Eyalama noi.,Education,2,High,Eastern,Formal
S0470,English,Runyankole,The patient needs medicine,[Runyankole translation] Omurwire nayenda omubazi,Health,4,High,West Nile,Informal
S0471,English,Luganda,Open the door,[Luganda translation] Ggulawo oluggi,Tourism,3,High,Eastern,Informal
S0472,English,Ateso,This park has many animals,[Ateso translation] Epu eitur awujo,Tourism,5,High,Central,Formal
S0473,English,Lusoga,The road is bad,[Lusoga translation] Oluguudo lubi,Business,4,High,Western,Formal
S0474,English,Acholi,Good morning,[Acholi translation] Icoo Maber,Health,2,High,Central,Formal
S0475,English,Acholi,Good morning,[Acholi translation] Icoo Maber,Health,2,High,Northern,Informal
S0476,English,Lusoga,Welcome,[Lusoga translation] Tusangaile,Tourism,1,High,Western,Informal
S0477,English,Rukiga,This park has many animals,[Rukiga translation] Paaka egi erimu enyamaishwa mingi,Tourism,5,High,Northern,Formal
S0478,English,Luganda,Welcome,[Luganda translation] Tukwaniriza,Daily Conversation,1,High,Eastern,Informal
S0479,English,Lugbara,This park has many animals,[Lugbara translation] Jeredigada anakpaki minji,Tourism,5,High,Western,Informal
S0480,English,Lusoga,Thank you,[Lusoga translation] Webale,Education,2,High,Northern,Informal
S0481,English,Lugbara,Welcome,[Lugbara translation] Ma ai mira,Government,1,High,West Nile,Formal
S0482,English,Lusoga,The road is bad,[Lusoga translation] Oluguudo lubi,Agriculture,4,High,Western,Formal
S0483,English,Rukiga,School begins tomorrow,[Rukiga translation] Eishomero niritandika nyencakare,Education,3,High,West Nile,Formal
S0484,English,Lusoga,The market is busy today,[Lusoga translation] Akatale kalimu abantu kamala olwalelo,Business,5,High,West Nile,Informal
S0485,English,Lugbara,The market is busy today,[Lugbara translation] Su fi andu,Business,5,High,Northern,Formal
S0486,English,Runyankole,The patient needs medicine,[Runyankole translation] Omurwire nayenda omubazi,Health,4,High,Central,Informal
S0487,English,Lusoga,The patient needs medicine,[Lusoga translation] Omulwaire yetaaga obulezi,Health,4,High,Central,Formal
S0488,English,Acholi,We are going home,[Acholi translation] Watye ka dok gang,Government,4,High,West Nile,Formal
S0489,English,Luganda,The market is busy today,[Luganda translation] Akatale kaliimu abantu bangi leero,Business,5,High,Central,Formal
S0490,English,Lusoga,Wash your hands,[Lusoga translation] Naaba engalo dho,Health,3,High,West Nile,Formal
S0491,English,Luganda,Open the door,[Luganda translation] Ggulawo oluggi,Daily Conversation,3,High,Northern,Formal
S0492,English,Runyankole,The patient needs medicine,[Runyankole translation] Omurwire nayenda omubazi,Health,4,High,West Nile,Informal
S0493,English,Lugbara,The crops are ready,[Lugbara translation] Nyaka afukibo,Agriculture,4,High,Western,Formal
S0494,English,Runyankole,Open the door,[Runyankole translation] Yigura orwigyi,Business,3,High,Western,Formal
S0495,English,Luganda,We are going home,[Luganda translation] Tugenda waka,Agriculture,4,High,Western,Informal
S0496,English,Acholi,We are going home,[Acholi translation] Watye ka dok gang,Business,4,High,Northern,Informal
S0497,English,Runyankole,Welcome,[Runyankole translation] Twakushemererwa,Tourism,1,High,West Nile,Formal
S0498,English,Runyankole,The patient needs medicine,[Runyankole translation] Omurwire nayenda omubazi,Health,4,High,Northern,Formal
S0499,English,Rukiga,School begins tomorrow,[Rukiga translation] Eishomero niritandika nyencakare,Education,3,High,West Nile,Formal
S0500,English,Luganda,Thank you,[Luganda translation] Webale,Government,2,High,Western,Informal
S0501,English,Rukiga,Wash your hands,[Rukiga translation] Naaba engaro zaawe,Health,3,High,Northern,Formal
S0502,English,Runyankole,Wash your hands,[Runyankole translation] Naba engaro,Health,3,High,West Nile,Formal
S0503,English,Lusoga,Good morning,[Lusoga translation] Wasuze otya,Education,2,High,Western,Formal
S0504,English,Rukiga,The road is bad,[Rukiga translation] Oruguuto nirubi,Agriculture,4,High,Northern,Formal
S0505,English,Lugbara,Wash your hands,[Lugbara translation] Mi uji midriki,Health,3,High,Central,Informal
S0506,English,Lugbara,Wash your hands,[Lugbara translation] Mi uji midriki,Health,3,High,Eastern,Formal
S0507,English,Ateso,Welcome,[Ateso translation] Ijalama anyin,Business,1,High,Central,Formal
S0508,English,Rukiga,Good morning,[Rukiga translation] Bwashesha gye,Daily Conversation,2,High,Northern,Informal
S0509,English,Luganda,This park has many animals,[Luganda translation] Paaka eno erimu ensolo nyingi,Tourism,5,High,West Nile,Formal
S0510,English,Rukiga,The patient needs medicine,[Rukiga translation] Omurwaire nayetenga embazi,Health,4,High,Eastern,Informal
S0511,English,Runyankole,Welcome,[Runyankole translation] Twakushemererwa,Tourism,1,High,Central,Formal
S0512,English,Ateso,Thank you,[Ateso translation] Eyalama noi.,Education,2,High,Central,Formal
S0513,English,Lusoga,Open the door,[Lusoga translation] Igulawo olwigi,Education,3,High,Eastern,Formal
S0514,English,Acholi,Thank you,[Acholi translation] Apwoyo,Daily Conversation,2,High,Northern,Informal
S0515,English,Ateso,Welcome,[Ateso translation] Ijalama anyin,Agriculture,1,High,Central,Formal
S0516,English,Acholi,The market is busy today,[Acholi translation] Cuk tye ka tic matek tin,Business,5,High,Eastern,Informal
S0517,English,Luganda,The crops are ready,[Luganda translation] Ebirime bikuze,Agriculture,4,High,Western,Informal
S0518,English,Lusoga,Open the door,[Lusoga translation] Igulawo olwigi,Tourism,3,High,Eastern,Formal
S0519,English,Lugbara,The market is busy today,[Lugbara translation] Su fi andu,Business,5,High,Eastern,Formal
S0520,English,Lugbara,Thank you,[Lugbara translation] Awodifo,Agriculture,2,High,Central,Informal
S0521,English,Lusoga,Good morning,[Lusoga translation] Wasuze otya,Daily Conversation,2,High,Eastern,Formal
S0522,English,Luganda,Open the door,[Luganda translation] Ggulawo oluggi,Government,3,High,Eastern,Formal
S0523,English,Acholi,The crops are ready,[Acholi translation] Jami ma ki pito dong tye atera,Agriculture,4,High,West Nile,Informal
S0524,English,Luganda,Open the door,[Luganda translation] Ggulawo oluggi,Agriculture,3,High,Central,Informal
S0525,English,Acholi,Thank you,[Acholi translation] Apwoyo,Health,2,High,Eastern,Formal
S0526,English,Ateso,This park has many animals,[Ateso translation] Epu eitur awujo,Tourism,5,High,West Nile,Informal
S0527,English,Ateso,Thank you,[Ateso translation] Eyalama noi.,Education,2,High,Eastern,Formal
S0528,English,Luganda,The road is bad,[Luganda translation] Ekkubo libi,Business,4,High,West Nile,Formal
S0529,English,Luganda,The patient needs medicine,[Luganda translation] Omulwadde yeetaaga eddagala,Health,4,High,Eastern,Informal
S0530,English,Runyankole,The patient needs medicine,[Runyankole translation] Omurwire nayenda omubazi,Health,4,High,West Nile,Informal
S0531,English,Runyankole,Good morning,[Runyankole translation] Oraire ota,Business,2,High,Western,Formal
S0532,English,Ateso,The patient needs medicine,[Ateso translation] Ekotosi adeka ekia,Health,4,High,Eastern,Formal
S0533,English,Runyankole,The patient needs medicine,[Runyankole translation] Omurwire nayenda omubazi,Health,4,High,Northern,Informal
S0534,English,Lusoga,Good morning,[Lusoga translation] Wasuze otya,Daily Conversation,2,High,West Nile,Informal
S0535,English,Lugbara,School begins tomorrow,[Lugbara translation] Sukulu la ido dusi,Education,3,High,Northern,Formal
S0536,English,Runyankole,The road is bad,[Runyankole translation] Oruguto nirubi,Daily Conversation,4,High,Central,Formal
S0537,English,Rukiga,Open the door,[Rukiga translation] Yaigura orwigi,Business,3,High,Northern,Informal
S0538,English,Rukiga,Wash your hands,[Rukiga translation] Naaba engaro zaawe,Health,3,High,Northern,Formal
S0539,English,Rukiga,The road is bad,[Rukiga translation] Oruguuto nirubi,Health,4,High,Northern,Informal
S0540,English,Lugbara,School begins tomorrow,[Lugbara translation] Sukulu la ido dusi,Education,3,High,Northern,Formal
S0541,English,Rukiga,Good morning,[Rukiga translation] Bwashesha gye,Government,2,High,Eastern,Formal
S0542,English,Lugbara,The road is bad,[Lugbara translation] Njila unji,Daily Conversation,4,High,West Nile,Informal
S0543,English,Runyankole,The road is bad,[Runyankole translation] Oruguto nirubi,Daily Conversation,4,High,Central,Informal
S0544,English,Ateso,Thank you,[Ateso translation] Eyalama noi.,Education,2,High,Western,Informal
S0545,English,Lusoga,The crops are ready,[Lusoga translation] Ebisimbe byatuuka,Agriculture,4,High,Northern,Informal
S0546,English,Acholi,Wash your hands,[Acholi translation] Lwok cingi,Health,3,High,West Nile,Formal
S0547,English,Runyankole,The patient needs medicine,[Runyankole translation] Omurwire nayenda omubazi,Health,4,High,Eastern,Informal
S0548,English,Lugbara,School begins tomorrow,[Lugbara translation] Sukulu la ido dusi,Education,3,High,West Nile,Informal
S0549,English,Rukiga,The patient needs medicine,[Rukiga translation] Omurwaire nayetenga embazi,Health,4,High,Central,Informal
S0550,English,Lugbara,The crops are ready,[Lugbara translation] Nyaka afukibo,Agriculture,4,High,West Nile,Formal
S0551,English,Luganda,The patient needs medicine,[Luganda translation] Omulwadde yeetaaga eddagala,Health,4,High,Western,Formal
S0552,English,Ateso,Open the door,[Ateso translation] Buka ebwogo.,Education,3,High,Eastern,Formal
S0553,English,Runyankole,The patient needs medicine,[Runyankole translation] Omurwire nayenda omubazi,Health,4,High,Eastern,Formal
S0554,English,Acholi,Wash your hands,[Acholi translation] Lwok cingi,Health,3,High,West Nile,Informal
S0555,English,Runyankole,Thank you,[Runyankole translation] Webale,Business,2,High,Central,Formal
S0556,English,Luganda,Welcome,[Luganda translation] Tukwaniriza,Government,1,High,West Nile,Formal
S0557,English,Lusoga,Thank you,[Lusoga translation] Webale,Agriculture,2,High,Northern,Informal
S0558,English,Rukiga,Thank you,[Rukiga translation] Webare,Government,2,High,Northern,Informal
S0559,English,Lusoga,The patient needs medicine,[Lusoga translation] Omulwaire yetaaga obulezi,Health,4,High,Western,Informal
S0560,English,Lugbara,The patient needs medicine,[Lugbara translation] Ba azoruri le aro,Health,4,High,Central,Informal
S0561,English,Luganda,Thank you,[Luganda translation] Webale,Daily Conversation,2,High,Central,Informal
S0562,English,Runyankole,This park has many animals,[Runyankole translation] Ekishaka kyiine ebinyamaiswa nyingi,Tourism,5,High,Central,Informal
S0563,English,Lugbara,Wash your hands,[Lugbara translation] Mi uji midriki,Health,3,High,Central,Formal
S0564,English,Luganda,The patient needs medicine,[Luganda translation] Omulwadde yeetaaga eddagala,Health,4,High,Northern,Informal
S0565,English,Runyankole,This park has many animals,[Runyankole translation] Ekishaka kyiine ebinyamaiswa nyingi,Tourism,5,High,Eastern,Formal
S0566,English,Acholi,Thank you,[Acholi translation] Apwoyo,Tourism,2,High,Eastern,Formal
S0567,English,Acholi,We are going home,[Acholi translation] Watye ka dok gang,Education,4,High,West Nile,Informal
S0568,English,Ateso,School begins tomorrow,[Ateso translation] Egenu esomero emoi,Education,3,High,Central,Informal
S0569,English,Lugbara,Wash your hands,[Lugbara translation] Mi uji midriki,Health,3,High,Western,Informal
S0570,English,Ateso,This park has many animals,[Ateso translation] Epu eitur awujo,Tourism,5,High,Northern,Formal
S0571,English,Rukiga,Thank you,[Rukiga translation] Webare,Tourism,2,High,Northern,Formal
S0572,English,Acholi,Wash your hands,[Acholi translation] Lwok cingi,Health,3,High,Western,Formal
S0573,English,Ateso,Welcome,[Ateso translation] Ijalama anyin,Education,1,High,West Nile,Formal
S0574,English,Lugbara,Wash your hands,[Lugbara translation] Mi uji midriki,Health,3,High,West Nile,Formal
S0575,English,Rukiga,Good morning,[Rukiga translation] Bwashesha gye,Daily Conversation,2,High,Eastern,Formal
S0576,English,Runyankole,This park has many animals,[Runyankole translation] Ekishaka kyiine ebinyamaiswa nyingi,Tourism,5,High,Western,Formal
S0577,English,Rukiga,Thank you,[Rukiga translation] Webare,Tourism,2,High,Central,Formal
S0578,English,Acholi,The road is bad,[Acholi translation] Gudu ni rac,Health,4,High,West Nile,Formal
S0579,English,Acholi,Good morning,[Acholi translation] Icoo Maber,Agriculture,2,High,Central,Informal
S0580,English,Ateso,The road is bad,[Ateso translation] Ebarabara ekeda aiboroit.,Agriculture,4,High,Eastern,Informal
S0581,English,Lusoga,The market is busy today,[Lusoga translation] Akatale kalimu abantu kamala olwalelo,Business,5,High,Central,Informal
S0582,English,Lusoga,School begins tomorrow,[Lusoga translation] Eisomero litandika idho,Education,3,High,Western,Informal
S0583,English,Runyankole,Open the door,[Runyankole translation] Yigura orwigyi,Business,3,High,Central,Formal
S0584,English,Lugbara,The market is busy today,[Lugbara translation] Su fi andu,Business,5,High,Eastern,Formal
S0585,English,Lusoga,Wash your hands,[Lusoga translation] Naaba engalo dho,Health,3,High,Western,Formal
S0586,English,Lugbara,School begins tomorrow,[Lugbara translation] Sukulu la ido dusi,Education,3,High,Western,Formal
S0587,English,Lugbara,School begins tomorrow,[Lugbara translation] Sukulu la ido dusi,Education,3,High,Western,Formal
S0588,English,Luganda,Wash your hands,[Luganda translation] Naaba emikono gyo,Health,3,High,Eastern,Informal
S0589,English,Lugbara,The patient needs medicine,[Lugbara translation] Ba azoruri le aro,Health,4,High,West Nile,Informal
S0590,English,Runyankole,We are going home,[Runyankole translation] Yigura orwigyi,Health,4,High,West Nile,Formal
S0591,English,Acholi,This park has many animals,[Acholi translation] Kabedo pa lee ni tye ki lee mapol,Tourism,5,High,West Nile,Informal
S0592,English,Acholi,The crops are ready,[Acholi translation] Jami ma ki pito dong tye atera,Agriculture,4,High,Western,Informal
S0593,English,Luganda,Wash your hands,[Luganda translation] Naaba emikono gyo,Health,3,High,Western,Formal
S0594,English,Runyankole,School begins tomorrow,[Runyankole translation] Eishomero niritandika nyencakare,Education,3,High,Northern,Formal
S0595,English,Lugbara,Open the door,[Lugbara translation] Indi kati,Education,3,High,Eastern,Formal
S0596,English,Acholi,This park has many animals,[Acholi translation] Kabedo pa lee ni tye ki lee mapol,Tourism,5,High,West Nile,Formal
S0597,English,Ateso,The patient needs medicine,[Ateso translation] Ekotosi adeka ekia,Health,4,High,Eastern,Informal
S0598,English,Lusoga,Welcome,[Lusoga translation] Tusangaile,Government,1,High,Western,Formal
S0599,English,Lusoga,Open the door,[Lusoga translation] Igulawo olwigi,Tourism,3,High,Eastern,Formal
S0600,English,Rukiga,School begins tomorrow,[Rukiga translation] Eishomero niritandika nyencakare,Education,3,High,Central,Informal
S0601,English,Lugbara,Open the door,[Lugbara translation] Indi kati,Business,3,High,West Nile,Formal
S0602,English,Ateso,We are going home,[Ateso translation] Alototo oire,Daily Conversation,4,High,Eastern,Formal
S0603,English,Luganda,The market is busy today,[Luganda translation] Akatale kaliimu abantu bangi leero,Business,5,High,Central,Informal
S0604,English,Acholi,The road is bad,[Acholi translation] Gudu ni rac,Agriculture,4,High,West Nile,Informal
S0605,English,Rukiga,Good morning,[Rukiga translation] Bwashesha gye,Agriculture,2,High,Eastern,Informal
S0606,English,Ateso,The crops are ready,[Ateso translation] Ebaret ekeda aiyare.,Agriculture,4,High,Northern,Informal
S0607,English,Luganda,Welcome,[Luganda translation] Tukwaniriza,Government,1,High,Northern,Informal
S0608,English,Acholi,The patient needs medicine,[Acholi translation] Latwo ni mito yat,Health,4,High,Northern,Formal
S0609,English,Lusoga,The crops are ready,[Lusoga translation] Ebisimbe byatuuka,Agriculture,4,High,Northern,Informal
S0610,English,Luganda,School begins tomorrow,[Luganda translation] Essomero litandika enkya,Education,3,High,West Nile,Informal
S0611,English,Runyankole,We are going home,[Runyankole translation] Nitugyenda omuka,Government,4,High,Central,Informal
S0612,English,Runyankole,Welcome,[Runyankole translation] Twakushemererwa,Business,1,High,Western,Informal
S0613,English,Lugbara,The crops are ready,[Lugbara translation] Nyaka afukibo,Agriculture,4,High,Northern,Formal
S0614,English,Lugbara,The road is bad,[Lugbara translation] Njila unji,Daily Conversation,4,High,West Nile,Formal
S0615,English,Lusoga,The crops are ready,[Lusoga translation] Ebisimbe byatuuka,Agriculture,4,High,Western,Formal
S0616,English,Runyankole,Welcome,[Runyankole translation] Twakushemererwa,Health,1,High,Eastern,Formal
S0617,English,Luganda,The patient needs medicine,[Luganda translation] Omulwadde yeetaaga eddagala,Health,4,High,Western,Formal
S0618,English,Lusoga,The patient needs medicine,[Lusoga translation] Omulwaire yetaaga obulezi,Health,4,High,Western,Informal
S0619,English,Ateso,Open the door,[Ateso translation] Buka ebwogo.,Health,3,High,Western,Informal
S0620,English,Rukiga,Wash your hands,[Rukiga translation] Naaba engaro zaawe,Health,3,High,West Nile,Informal
S0621,English,Lusoga,The market is busy today,[Lusoga translation] Akatale kalimu abantu kamala olwalelo,Business,5,High,Eastern,Formal
S0622,English,Luganda,We are going home,[Luganda translation] Tugenda waka,Daily Conversation,4,High,Central,Formal
S0623,English,Luganda,This park has many animals,[Luganda translation] Paaka eno erimu ensolo nyingi,Tourism,5,High,Central,Informal
S0624,English,Lugbara,Welcome,[Lugbara translation] Ma ai mira,Agriculture,1,High,Eastern,Informal
S0625,English,Ateso,Thank you,[Ateso translation] Eyalama noi.,Agriculture,2,High,Northern,Formal
S0626,English,Acholi,Thank you,[Acholi translation] Apwoya wun weng,Daily Conversation,2,High,West Nile,Formal
S0627,English,Lusoga,The patient needs medicine,[Lusoga translation] Omulwaire yetaaga obulezi,Health,4,High,Northern,Formal
S0628,English,Lugbara,Wash your hands,[Lugbara translation] Mi uji midriki,Health,3,High,Eastern,Formal
S0629,English,Luganda,Wash your hands,[Luganda translation] Naaba emikono gyo,Health,3,High,Northern,Informal
S0630,English,Luganda,Good morning,[Luganda translation] Wasuze otya,Government,2,High,Central,Informal
S0631,English,Lusoga,The patient needs medicine,[Lusoga translation] Omulwaire yetaaga obulezi,Health,4,High,Northern,Informal
S0632,English,Lusoga,The road is bad,[Lusoga translation] Oluguudo lubi,Government,4,High,West Nile,Formal
S0633,English,Luganda,Open the door,[Luganda translation] Ggulawo oluggi,Government,3,High,Eastern,Informal
S0634,English,Acholi,We are going home,[Acholi translation] Watye ka dok gang,Business,4,High,Eastern,Formal
S0635,English,Lugbara,Good morning,[Lugbara translation] Mi afu ngoni,Daily Conversation,2,High,Central,Formal
S0636,English,Lusoga,Thank you,[Lusoga translation] Webale,Daily Conversation,2,High,Western,Formal
S0637,English,Rukiga,The crops are ready,[[Rukiga translation] Ebihingwa byezire,Agriculture,4,High,Western,Informal
S0638,English,Lusoga,The patient needs medicine,[Lusoga translation] Omulwaire yetaaga obulezi,Health,4,High,Western,Informal
S0639,English,Lusoga,The market is busy today,[Lusoga translation] Akatale kalimu abantu kamala olwalelo,Business,5,High,Eastern,Informal
S0640,English,Lugbara,The road is bad,[Lugbara translation] Njila unji,Government,4,High,Western,Informal
S0641,English,Lusoga,This park has many animals,[Lusoga translation] Paaka eno elina ensolo kamaala,Tourism,5,High,Northern,Informal
S0642,English,Luganda,Thank you,[Luganda translation] Webale,Education,2,High,Western,Informal
S0643,English,Lusoga,The crops are ready,[Lusoga translation] Ebisimbe byatuuka,Agriculture,4,High,Central,Informal
S0644,English,Lusoga,The crops are ready,[Lusoga translation] Ebisimbe byatuuka,Agriculture,4,High,Western,Formal
S0645,English,Luganda,The road is bad,[Luganda translation] Ekkubo libi,Government,4,High,Central,Informal
S0646,English,Runyankole,Open the door,[Runyankole translation] Yigura orwigyi,Tourism,3,High,Northern,Formal
S0647,English,Acholi,The market is busy today,[Acholi translation] Cuk tye ka tic matek tin,Business,5,High,Western,Formal
S0648,English,Ateso,The road is bad,[Ateso translation] Ebarabara ekeda aiboroit.,Government,4,High,Northern,Informal
S0649,English,Acholi,School begins tomorrow,[Acholi translation] Gang Kwan obi cake diki,Education,3,High,Central,Informal
S0650,English,Runyankole,This park has many animals,[Runyankole translation] Ekishaka kyiine ebinyamaiswa nyingi,Tourism,5,High,Western,Formal
S0651,English,Acholi,We are going home,[Acholi translation] Watye ka dok gang,Business,4,High,West Nile,Informal
S0652,English,Rukiga,We are going home,[[Rukiga translation] Turiyo nituza omuka,Tourism,4,High,Western,Informal
S0653,English,Ateso,We are going home,[Ateso translation] Alototo oire,Daily Conversation,4,High,Eastern,Formal
S0654,English,Rukiga,Welcome,[Rukiga translation] Twakwakiira,Health,1,High,Eastern,Informal
S0655,English,Ateso,Thank you,[Ateso translation] Eyalama noi.,Daily Conversation,2,High,Northern,Formal
S0656,English,Runyankole,Open the door,[Runyankole translation] Yigura orwigyi,Health,3,High,Central,Formal
S0657,English,Runyankole,School begins tomorrow,[Runyankole translation] Eishomero niritandika nyencakare,Education,3,High,West Nile,Formal
S0658,English,Ateso,Good morning,[Ateso translation] Ber otingela.,Daily Conversation,2,High,Western,Informal
S0659,English,Ateso,Wash your hands,[Ateso translation] Elota akani,Health,3,High,West Nile,Informal
S0660,English,Runyankole,The market is busy today,[Runyankole translation] Akatare kali busy,Business,5,High,Eastern,Informal
S0661,English,Rukiga,Thank you,[Rukiga translation] Webare,Education,2,High,Northern,Formal
S0662,English,Acholi,Open the door,[Acholi translation] Yab doggola,Tourism,3,High,Central,Informal
S0663,English,Luganda,Welcome,[Luganda translation] Tukwaniriza,Agriculture,1,High,Central,Formal
S0664,English,Ateso,Welcome,[Ateso translation] Ijalama anyin,Tourism,1,High,Central,Formal
S0665,English,Lugbara,This park has many animals,[Lugbara translation] Jeredigada anakpaki minji,Tourism,5,High,West Nile,Formal
S0666,English,Luganda,Welcome,[Luganda translation] Tukwaniriza,Education,1,High,Central,Formal
S0667,English,Rukiga,The patient needs medicine,[Rukiga translation] Omurwaire nayetenga embazi,Health,4,High,Eastern,Informal
S0668,English,Lusoga,Wash your hands,[Lusoga translation] Naaba engalo dho,Health,3,High,Central,Formal
S0669,English,Lugbara,This park has many animals,[Lugbara translation] Jeredigada anakpaki minji,Tourism,5,High,West Nile,Formal
S0670,English,Runyankole,We are going home,[Runyankole translation] Nitugyenda omuka,Health,4,High,West Nile,Informal
S0671,English,Lugbara,Open the door,[Lugbara translation] Indi kati,Tourism,3,High,Eastern,Formal
S0672,English,Rukiga,School begins tomorrow,[[Rukiga translation] Eishomero niritandika nyencakare,Education,3,High,Western,Formal
S0673,English,Ateso,The crops are ready,[Ateso translation] Ebaret ekeda aiyare.,Agriculture,4,High,Northern,Formal
S0674,English,Luganda,Thank you,[Luganda translation] Webale,Education,2,High,Northern,Informal
S0675,English,Runyankole,The crops are ready,[Runyankole translation] Ebihingwa byahaire,Agriculture,4,High,Northern,Informal
S0676,English,Rukiga,The crops are ready,[[Rukiga translation] Ebihingwa byezire,Agriculture,4,High,West Nile,Formal
S0677,English,Lusoga,Good morning,[Lusoga translation] Wasuze otya,Tourism,2,High,Western,Formal
S0678,English,Ateso,Wash your hands,[Ateso translation] Elota akani,Health,3,High,Eastern,Formal
S0679,English,Runyankole,Welcome,[Runyankole translation] Twakushemererwa,Education,1,High,Western,Formal
S0680,English,Ateso,This park has many animals,[Ateso translation] Epu eitur awujo,Tourism,5,High,Northern,Formal
S0681,English,Lusoga,Welcome,[Lusoga translation] Tusangaile,Agriculture,1,High,West Nile,Informal
S0682,English,Luganda,Wash your hands,[Luganda translation] Naaba emikono gyo,Health,3,High,West Nile,Formal
S0683,English,Lusoga,The market is busy today,[Lusoga translation] Akatale kalimu abantu kamala olwalelo,Business,5,High,Central,Formal
S0684,English,Acholi,This park has many animals,[Acholi translation] Kabedo pa lee ni tye ki lee mapol,Tourism,5,High,Central,Informal
S0685,English,Luganda,The crops are ready,[Luganda translation] Ebirime bikuze,Agriculture,4,High,West Nile,Formal
S0686,English,Luganda,The market is busy today,[Luganda translation] Akatale kaliimu abantu bangi leero,Business,5,High,Eastern,Formal
S0687,English,Ateso,The road is bad,[Ateso translation] Ebarabara ekeda aiboroit.,Daily Conversation,4,High,Northern,Informal
S0688,English,Rukiga,The road is bad,[Rukiga translation] Oruguuto nirubi,Agriculture,4,High,Eastern,Informal
S0689,English,Runyankole,The patient needs medicine,[Runyankole translation] Omurwire nayenda omubazi,Health,4,High,Western,Formal
S0690,English,Lusoga,This park has many animals,[Lusoga translation] Paaka eno elina ensolo kamaala,Tourism,5,High,Western,Formal
S0691,English,Lusoga,The market is busy today,[Lusoga translation] Akatale kalimu abantu kamala olwalelo,Business,5,High,West Nile,Formal
S0692,English,Lusoga,The road is bad,[Lusoga translation] Oluguudo lubi,Government,4,High,Eastern,Formal
S0693,English,Ateso,This park has many animals,[Ateso translation] Epu eitur awujo,Tourism,5,High,Eastern,Informal
S0694,English,Rukiga,The patient needs medicine,[Rukiga translation] Omurwaire nayetenga embazi,Health,4,High,Eastern,Formal
S0695,English,Acholi,The patient needs medicine,[Acholi translation] Latwo ni mito yat,Health,4,High,Northern,Formal
S0696,English,Luganda,Thank you,[Luganda translation] Webale,Government,2,High,West Nile,Formal
S0697,English,Acholi,School begins tomorrow,[Acholi translation] Gang Kwan obi cake diki,Education,3,High,Northern,Formal
S0698,English,Runyankole,Good morning,[Runyankole translation] Oreiregye,Government,2,High,Central,Informal
S0699,English,Acholi,Open the door,[Acholi translation] Yab doggola,Agriculture,3,High,Central,Informal
S0700,English,Lusoga,Welcome,[Lusoga translation] Tusangaile,Daily Conversation,1,High,Western,Informal
S0701,English,Runyankole,The market is busy today,[Runyankole translation] Akatare kali busy,Business,5,High,Western,Formal
S0702,English,Luganda,Wash your hands,[Luganda translation] Naaba emikono gyo,Health,3,High,Eastern,Informal
S0703,English,Rukiga,Welcome,[Rukiga translation] Twakwakiira,Tourism,1,High,West Nile,Formal
S0704,English,Runyankole,The crops are ready,[Runyankole translation] Ebihingwa byahaire,Agriculture,4,High,West Nile,Informal
S0705,English,Acholi,Welcome,[Acholi translation] Wa joli,Business,1,High,Eastern,Formal
S0706,English,Rukiga,Thank you,[Rukiga translation] Webare,Education,2,High,Central,Formal
S0707,English,Ateso,The patient needs medicine,[Ateso translation] Ekotosi adeka ekia,Health,4,High,Western,Informal
S0708,English,Lugbara,Good morning,[Lugbara translation] Mi afu ngoni,Daily Conversation,2,High,Eastern,Formal
S0709,English,Lusoga,Open the door,[Lusoga translation] Igulawo olwigi,Daily Conversation,3,High,Western,Formal
S0710,English,Lusoga,The road is bad,[Lusoga translation] Oluguudo lubi,Business,4,High,Eastern,Formal
S0711,English,Luganda,Good morning,[Luganda translation] Wasuze otya,Tourism,2,High,Western,Formal
S0712,English,Rukiga,The market is busy today,[Rukiga translation] Akatare kijwire erizoba,Business,5,High,Central,Informal
S0713,English,Lugbara,School begins tomorrow,[Lugbara translation] Sukulu la ido dusi,Education,3,High,Northern,Informal
S0714,English,Ateso,Good morning,[Ateso translation] Ber otingela.,Education,2,High,Western,Formal
S0715,English,Acholi,The market is busy today,[Acholi translation] Cuk tye ka tic matek tin,Business,5,High,Northern,Informal
S0716,English,Lugbara,Welcome,[Lugbara translation] Ma ai mira,Business,1,High,Eastern,Informal
S0717,English,Acholi,The patient needs medicine,[Acholi translation] Latwo ni mito yat,Health,4,High,Northern,Informal
S0718,English,Acholi,The patient needs medicine,[Acholi translation] Latwo ni mito yat,Health,4,High,West Nile,Informal
S0719,English,Ateso,Open the door,[Ateso translation] Buka ebwogo.,Daily Conversation,3,High,Central,Informal
S0720,English,Rukiga,Wash your hands,[Rukiga translation] Naaba engaro zaawe,Health,3,High,Eastern,Formal
S0721,English,Lugbara,We are going home,[Lugbara translation] Ama mu akuwa,Government,4,High,West Nile,Formal
S0722,English,Luganda,Thank you,[Luganda translation] Webale,Agriculture,2,High,Eastern,Formal
S0723,English,Luganda,Wash your hands,[Luganda translation] Naaba emikono gyo,Health,3,High,West Nile,Formal
S0724,English,Lugbara,The market is busy today,[Lugbara translation] Su fi andu,Business,5,High,Northern,Formal
S0725,English,Lugbara,The market is busy today,[Lugbara translation] Su fi andu,Business,5,High,Western,Informal
S0726,English,Acholi,The patient needs medicine,[Acholi translation] Latwo ni mito yat,Health,4,High,West Nile,Informal
S0727,English,Rukiga,The patient needs medicine,[Rukiga translation] Omurwaire nayetenga embazi,Health,4,High,Northern,Informal
S0728,English,Luganda,The crops are ready,[Luganda translation] Ebirime bikuze,Agriculture,4,High,Central,Informal
S0729,English,Rukiga,The patient needs medicine,[Rukiga translation] Omurwaire nayetenga embazi,Health,4,High,Western,Informal
S0730,English,Lusoga,The market is busy today,[Lusoga translation] Akatale kalimu abantu kamala olwalelo,Business,5,High,West Nile,Informal
S0731,English,Acholi,Thank you,[Acholi translation] Apwoya wun weng,Daily Conversation,2,High,Northern,Formal
S0732,English,Lugbara,Thank you,[Lugbara translation] Awodifo,Daily Conversation,2,High,Eastern,Informal
S0733,English,Lugbara,Thank you,[Lugbara translation] Awodifo,Agriculture,2,High,Eastern,Formal
S0734,English,Luganda,School begins tomorrow,[Luganda translation] Essomero litandika enkya,Education,3,High,Central,Formal
S0735,English,Acholi,The road is bad,[Acholi translation] Gudu ni rac,Government,4,High,West Nile,Informal
S0736,English,Ateso,The market is busy today,[Ateso translation] Ipu etunya osokoni,Business,5,High,Western,Informal
S0737,English,Acholi,Open the door,[Acholi translation] Yab doggola,Education,3,High,Eastern,Informal
S0738,English,Luganda,The crops are ready,[Luganda translation] Ebirime bikuze,Agriculture,4,High,Central,Formal
S0739,English,Acholi,Wash your hands,[Acholi translation] Lwok cingi,Health,3,High,Central,Informal
S0740,English,Luganda,The road is bad,[Luganda translation] Ekkubo libi,Daily Conversation,4,High,Eastern,Formal
S0741,English,Rukiga,Wash your hands,[Rukiga translation] Naaba engaro zaawe,Health,3,High,Eastern,Formal
S0742,English,Runyankole,The crops are ready,[Runyankole translation] Ebihingwa byahaire,Agriculture,4,High,Western,Informal
S0743,English,Runyankole,School begins tomorrow,[Runyankole translation] Eishomero niritandika nyencakare,Education,3,High,Northern,Formal
S0744,English,Runyankole,The market is busy today,[Runyankole translation] Akatare kali busy,Business,5,High,Central,Informal
S0745,English,Lugbara,School begins tomorrow,[Lugbara translation] Sukulu la ido dusi,Education,3,High,Eastern,Formal
S0746,English,Acholi,The road is bad,[Acholi translation] Gudu ni rac,Tourism,4,High,Northern,Informal
S0747,English,Rukiga,Welcome,[Rukiga translation] Twakwakiira,Health,1,High,Central,Formal
S0748,English,Lusoga,The market is busy today,[Lusoga translation] Akatale kalimu abantu kamala olwalelo,Business,5,High,Western,Formal
S0749,English,Runyankole,Open the door,[Runyankole translation] Yigura orwigyi,Tourism,3,High,Northern,Formal
S0750,English,Lugbara,Open the door,[Lugbara translation] Indi kati,Tourism,3,High,West Nile,Informal
S0751,English,Luganda,The market is busy today,[Luganda translation] Akatale kaliimu abantu bangi leero,Business,5,High,West Nile,Informal
S0752,English,Lugbara,The patient needs medicine,[Lugbara translation] Ba azoruri le aro,Health,4,High,Central,Informal
S0753,English,Acholi,School begins tomorrow,[Acholi translation] Gang Kwan obi cake diki,Education,3,High,Central,Formal
S0754,English,Luganda,The road is bad,[Luganda translation] Ekkubo libi,Government,4,High,Central,Formal
S0755,English,Rukiga,We are going home,[[Rukiga translation] Turiyo nituza omuka,Business,4,High,Western,Formal
S0756,English,Ateso,We are going home,[Ateso translation] Alototo oire,Daily Conversation,4,High,Eastern,Formal
ID-XYZ,English,Runyankole,School begins tomorrow,[Runyankole translation] Eishomero niritandika nyencakare,Education,3,High,Northern,Formal
S0758,English,Lugbara,The patient needs medicine,[Lugbara translation] Ba azoruri le aro,Health,4,High,Northern,Informal
S0759,English,Acholi,The patient needs medicine,[Acholi translation] Latwo ni mito yat,Health,4,High,Northern,Informal
S0760,English,Runyankole,Thank you,[Runyankole translation] Webale,Government,2,High,Central,Informal
S0761,English,Lusoga,Wash your hands,[Lusoga translation] Naaba engalo dho,Health,3,High,West Nile,Formal
S0762,English,Rukiga,The crops are ready,[[Rukiga translation] Ebihingwa byezire,Agriculture,4,High,Eastern,Formal
S0763,English,Lugbara,Good morning,[Lugbara translation] Mi afu ngoni,Business,2,High,Eastern,Formal
S0764,English,Acholi,School begins tomorrow,[Acholi translation] Gang Kwan obi cake diki,Education,3,High,Western,Formal
S0765,English,Rukiga,The market is busy today,[Rukiga translation] Akatare kijwire erizoba,Business,5,High,Central,Formal
S0766,English,Luganda,Welcome,[Luganda translation] Tukwaniriza,Agriculture,1,High,Western,Formal
S0767,English,Rukiga,We are going home,[[Rukiga translation] Turiyo nituza omuka,Government,4,High,Central,Formal
S0768,English,Runyankole,Welcome,[Runyankole translation] Twakushemererwa,Tourism,1,High,Western,Formal
S0769,English,Luganda,This park has many animals,[Luganda translation] Paaka eno erimu ensolo nyingi,Tourism,5,High,Eastern,Informal
S0770,English,Rukiga,Wash your hands,[Rukiga translation] Naaba engaro zaawe,Health,3,High,Eastern,Formal
S0771,English,Acholi,Good morning,[Acholi translation] Icoo Maber,Business,2,High,Central,Formal
S0772,English,Lusoga,Open the door,[Lusoga translation] Igulawo olwigi,Tourism,3,High,Western,Formal
S0773,English,Acholi,Good morning,[Acholi translation] Icoo Maber,Health,2,High,Western,Informal
S0774,English,Lugbara,This park has many animals,[Lugbara translation] Jeredigada anakpaki minji,Tourism,5,High,Eastern,Formal
S0775,English,Luganda,This park has many animals,[Luganda translation] Paaka eno erimu ensolo nyingi,Tourism,5,High,Western,Formal
S0776,English,Ateso,The patient needs medicine,[Ateso translation] Ekotosi adeka ekia,Health,4,High,West Nile,Formal
S0777,English,Acholi,School begins tomorrow,[Acholi translation] Gang Kwan obi cake diki,Education,3,High,West Nile,Informal
S0778,English,Lusoga,We are going home,[Lusoga translation] Tuli kugya waka,Government,4,High,Central,Informal
S0779,English,Acholi,School begins tomorrow,[Acholi translation] Gang Kwan obi cake diki,Education,3,High,West Nile,Informal
S0780,English,Lusoga,The market is busy today,[Lusoga translation] Akatale kalimu abantu kamala olwalelo,Business,5,High,Eastern,Informal
S0781,English,Acholi,This park has many animals,[Acholi translation] Kabedo pa lee ni tye ki lee mapol,Tourism,5,High,Western,Informal
S0782,English,Acholi,The crops are ready,[Acholi translation] Jami ma ki pito dong tye atera,Agriculture,4,High,West Nile,Informal
S0783,English,Acholi,Wash your hands,[Acholi translation] Lwok cingi,Health,3,High,Eastern,Formal
S0784,English,Rukiga,Open the door,[Rukiga translation] Yaigura orwigi,Agriculture,3,High,Northern,Formal
S0785,English,Lusoga,The road is bad,[Lusoga translation] Oluguudo lubi,Daily Conversation,4,High,West Nile,Formal
S0786,English,Luganda,Open the door,[Luganda translation] Ggulawo oluggi,Daily Conversation,3,High,West Nile,Informal
S0787,English,Lugbara,Welcome,[Lugbara translation] Ma ai mira,Daily Conversation,1,High,Eastern,Formal
S0788,English,Acholi,Good morning,[Acholi translation] Icoo Maber,Business,2,High,Northern,Informal
S0789,English,Lugbara,The market is busy today,[Lugbara translation] Su fi andu,Business,5,High,Northern,Formal
S0790,English,Runyankole,Wash your hands,[Runyankole translation] Naba engaro,Health,3,High,Eastern,Formal
S0791,English,Ateso,Thank you,[Ateso translation] Eyalama noi.,Agriculture,2,High,Eastern,Informal
S0792,English,Acholi,The patient needs medicine,[Acholi translation] Latwo ni mito yat,Health,4,High,Eastern,Formal
S0793,English,Lusoga,The patient needs medicine,[Lusoga translation] Omulwaire yetaaga obulezi,Health,4,High,Western,Formal
S0794,English,Luganda,The market is busy today,[Luganda translation] Akatale kaliimu abantu bangi leero,Business,5,High,Northern,Informal
S0795,English,Luganda,Welcome,[Luganda translation] Tukwaniriza,Health,1,High,Eastern,Informal
S0796,English,Lugbara,Open the door,[Lugbara translation] Indi kati,Health,3,High,Eastern,Informal
S0797,English,Luganda,Good morning,[Luganda translation] Wasuze otya,Education,2,High,Northern,Formal
S0798,English,Lugbara,School begins tomorrow,[Lugbara translation] Sukulu la ido dusi,Education,3,High,Western,Informal
S0799,English,Ateso,The market is busy today,[Ateso translation] Ipu etunya osokoni,Business,5,High,West Nile,Informal
S0800,English,Luganda,The market is busy today,[Luganda translation] Akatale kaliimu abantu bangi leero,Business,5,High,West Nile,Informal
S0801,English,Lusoga,Open the door,[Lusoga translation] Igulawo olwigi,Health,3,High,Northern,Informal
S0802,English,Luganda,We are going home,[Luganda translation] Tugenda waka,Agriculture,4,High,Eastern,Formal
S0803,English,Lusoga,The crops are ready,[Lusoga translation] Ebisimbe byatuuka,Agriculture,4,High,Northern,Informal
S0804,English,Lusoga,Wash your hands,[Lusoga translation] Naaba engalo dho,Health,3,High,Eastern,Informal
S0805,English,Acholi,Thank you,[Acholi translation] Apwoya wun weng,Government,2,High,Western,Informal
S0806,English,Lugbara,Wash your hands,[Lugbara translation] Mi uji midriki,Health,3,High,Western,Informal
S0807,English,Rukiga,Thank you,[Rukiga translation] Webare,Daily Conversation,2,High,Eastern,Formal
S0808,English,Luganda,Wash your hands,[Luganda translation] Naaba emikono gyo,Health,3,High,Northern,Informal
S0809,English,Acholi,Open the door,[Acholi translation] Yab doggola,Tourism,3,High,Central,Formal
S0810,English,Runyankole,Welcome,[Runyankole translation] Twakushemererwa,Health,1,High,Western,Informal
S0811,English,Rukiga,Open the door,[Rukiga translation] Yaigura orwigi,Health,3,High,Central,Informal
S0812,English,Rukiga,The road is bad,[Rukiga translation] Oruguuto nirubi,Agriculture,4,High,West Nile,Formal
S0813,English,Acholi,The crops are ready,[Acholi translation] Jami ma ki pito dong tye atera,Agriculture,4,High,West Nile,Informal
S0814,English,Runyankole,Thank you,[Runyankole translation] Webale,Health,2,High,Western,Informal
S0815,English,Lusoga,School begins tomorrow,[Lusoga translation] Eisomero litandika idho,Education,3,High,Central,Formal
S0816,English,Luganda,The market is busy today,[Luganda translation] Akatale kaliimu abantu bangi leero,Business,5,High,West Nile,Formal
S0817,English,Rukiga,Welcome,[Rukiga translation] Twakwakiira,Tourism,1,High,Western,Informal
S0818,English,Lusoga,School begins tomorrow,[Lusoga translation] Eisomero litandika idho,Education,3,High,West Nile,Formal
S0819,English,Lugbara,Welcome,[Lugbara translation] Ma ai mira,Government,1,High,Eastern,Formal
S0820,English,Ateso,Thank you,[Ateso translation] Eyalama noi.,Agriculture,2,High,Central,Formal
S0821,English,Rukiga,The patient needs medicine,[Rukiga translation] Omurwaire nayetenga embazi,Health,4,High,Northern,Informal
S0822,English,Ateso,The crops are ready,[Ateso translation] Ebaret ekeda aiyare.,Agriculture,4,High,Western,Informal
S0823,English,Runyankole,School begins tomorrow,[Runyankole translation] Eishomero niritandika nyencakare,Education,3,High,Central,Informal
S0824,English,Acholi,Good morning,[Acholi translation] Icoo Maber,Tourism,2,High,Western,Formal
S0825,English,Lugbara,We are going home,[Lugbara translation] Ama mu akuwa,Government,4,High,West Nile,Formal
S0826,English,Lugbara,The patient needs medicine,[Lugbara translation] Ba azoruri le aro,Health,4,High,Western,Informal
S0827,English,Runyankole,Welcome,[Runyankole translation] Twakushemererwa,Daily Conversation,1,High,Western,Formal
S0828,English,Acholi,School begins tomorrow,[Acholi translation] Gang Kwan obi cake diki,Education,3,High,Northern,Formal
S0829,English,Luganda,The road is bad,[Luganda translation] Ekkubo libi,Daily Conversation,4,High,Central,Formal
S0830,English,Lusoga,We are going home,[Lusoga translation] Tuli kugya waka,Tourism,4,High,Western,Formal
S0831,English,Luganda,Welcome,[Luganda translation] Tukwaniriza,Tourism,1,High,Western,Formal
S0832,English,Runyankole,School begins tomorrow,[Runyankole translation] Eishomero niritandika nyencakare,Education,3,High,Eastern,Formal
S0833,English,Runyankole,Welcome,[Runyankole translation] Twakushemererwa,Business,1,High,Central,Formal
S0834,English,Runyankole,Thank you,[Runyankole translation] Webale,Agriculture,2,High,Northern,Informal
S0835,English,Luganda,Thank you,[Luganda translation] Webale,Daily Conversation,2,High,West Nile,Informal
S0836,English,Rukiga,The road is bad,[Rukiga translation] The road is bad,Daily Conversation,4,High,Eastern,Informal
S0837,English,Acholi,The road is bad,[Acholi translation] Gudu ni rac,Tourism,4,High,Western,Informal
S0838,English,Ateso,The market is busy today,[Ateso translation] Ipu etunya osokoni,Business,5,High,Northern,Formal
S0839,English,Rukiga,Open the door,[Rukiga translation] Yaigura orwigi,Tourism,3,High,Central,Formal
S0001,English,Luganda,The road is bad,[Luganda translation] Ekkubo libi,Agriculture,4,High,Eastern,Formal
S0841,English,Luganda,The road is bad,[Luganda translation] Ekkubo libi,Government,4,High,Central,Informal
S0842,English,Lusoga,We are going home,[Lusoga translation] Tuli kugya waka,Government,4,High,West Nile,Informal
S0843,English,Rukiga,Thank you,[Rukiga translation] Webare,Government,2,High,Eastern,Formal
S0844,English,Runyankole,Wash your hands,[Runyankole translation] Naba engaro,Health,3,High,West Nile,Formal
S0845,English,Ateso,This park has many animals,[Ateso translation] Epu eitur awujo,Tourism,5,High,Northern,Formal
S0846,English,Runyankole,The patient needs medicine,[Runyankole translation] Omurwire nayenda omubazi,Health,4,High,West Nile,Informal
S0847,English,Lugbara,The market is busy today,[Lugbara translation] Su fi andu,Business,5,High,Eastern,Formal
S0848,English,Lugbara,Good morning,[Lugbara translation] Mi afu ngoni,Business,2,High,Eastern,Formal
S0849,English,Rukiga,Open the door,[Rukiga translation] Yaigura orwigi,Agriculture,3,High,Western,Formal
S0850,English,Lugbara,The market is busy today,[Lugbara translation] Su fi andu,Business,5,High,Central,Informal
S0851,English,Ateso,Thank you,[Ateso translation] Eyalama noi.,Health,2,High,Northern,Informal
S0852,English,Rukiga,This park has many animals,[Rukiga translation] Paaka egi erimu enyamaiswa mingi,Tourism,5,High,Western,Formal
S0853,English,Ateso,Good morning,[Ateso translation] Ber otingela.,Health,2,High,Western,Informal
S0854,English,Acholi,Welcome,[Acholi translation] Wa joli,Health,1,High,Western,Informal
S0855,English,Acholi,School begins tomorrow,[Acholi translation] Gang Kwan obi cake diki,Education,3,High,Western,Informal
S0856,English,Acholi,School begins tomorrow,[Acholi translation] Gang Kwan obi cake diki,Education,3,High,Eastern,Formal
S0857,English,Acholi,Open the door,[Acholi translation] Yab doggola,Health,3,High,Central,Formal
S0858,English,Runyankole,Thank you,[Runyankole translation] Webale,Agriculture,2,High,West Nile,Informal
S0859,English,Ateso,Welcome,[Ateso translation] Ijalama anyin,Tourism,1,High,Eastern,Informal
S0860,English,Lugbara,The market is busy today,[Lugbara translation] Su fi andu,Business,5,High,West Nile,Informal
S0861,English,Lugbara,School begins tomorrow,[Lugbara translation] Sukulu la ido dusi,Education,3,High,West Nile,Formal
S0862,English,Acholi,This park has many animals,[Acholi translation] Kabedo pa lee ni tye ki lee mapol,Tourism,5,High,Eastern,Formal
S0863,English,Lusoga,The market is busy today,[Lusoga translation] Akatale kalimu abantu kamala olwalelo,Business,5,High,Eastern,Formal
S0864,English,Runyankole,Wash your hands,[Runyankole translation] Naba engaro,Health,3,High,Eastern,Formal
S0865,English,Lusoga,The crops are ready,[Lusoga translation] Ebisimbe byatuuka,Agriculture,4,High,Eastern,Formal
S0866,English,Lugbara,Welcome,[Lugbara translation] Ma ai mira,Tourism,1,High,Western,Informal
S0867,English,Lugbara,The crops are ready,[Lugbara translation] Nyaka afukibo,Agriculture,4,High,Central,Informal
S0868,English,Ateso,Welcome,[Ateso translation] Ijalama anyin,Business,1,High,Eastern,Informal
S0869,English,Runyankole,Good morning,[Runyankole translation] Oreiregye,Business,2,High,Northern,Informal
S0870,English,Runyankole,The crops are ready,[Runyankole translation] Ebihingwa byahaire,Agriculture,4,High,Northern,Formal
S0871,English,Rukiga,Thank you,[Rukiga translation] Webare,Government,2,High,Northern,Informal
S0872,English,Acholi,Welcome,[Acholi translation] Wa joli,Health,1,High,West Nile,Formal
S0873,English,Runyankole,Open the door,[Runyankole translation] Yigura orwigyi,Tourism,3,High,Northern,Formal
S0874,English,Runyankole,Open the door,[Runyankole translation] Yigura orwigyi,Health,3,High,Northern,Formal
S0875,English,Acholi,We are going home,[Acholi translation] Watye ka dok gang,Daily Conversation,4,High,Western,Formal
S0876,English,Runyankole,Thank you,[Runyankole translation] Webale,Tourism,2,High,Eastern,Formal
S0877,English,Lugbara,This park has many animals,[Lugbara translation] Jeredigada anakpaki minji,Tourism,5,High,West Nile,Formal
S0878,English,Ateso,Thank you,[Ateso translation] Eyalama noi.,Daily Conversation,2,High,Eastern,Informal
S0879,English,Runyankole,Open the door,[Runyankole translation] Yigura orwigyi,Tourism,3,High,Central,Informal
S0880,English,Rukiga,The crops are ready,[[Rukiga translation] Ebihingwa byezire,Agriculture,4,High,West Nile,Formal
S0881,English,Luganda,School begins tomorrow,[Luganda translation] Essomero litandika enkya,Education,3,High,Northern,Informal
S0882,English,Rukiga,Open the door,[Rukiga translation] Yaigura orwigi,Education,3,High,Eastern,Informal
S0883,English,Lugbara,We are going home,[Lugbara translation] Ama mu akuwa,Daily Conversation,4,High,Central,Formal
S0884,English,Runyankole,Good morning,[Runyankole translation] Oreiregye,Tourism,2,High,Western,Informal
S0885,English,Luganda,Wash your hands,[Luganda translation] Naaba emikono gyo,Health,3,High,Western,Informal
S0886,English,Lusoga,School begins tomorrow,[Lusoga translation] Eisomero litandika idho,Education,3,High,Eastern,Formal
S0887,English,Rukiga,The market is busy today,[Rukiga translation] Akatare kijwire erizoba,Business,5,High,Western,Formal
S0888,English,Ateso,The crops are ready,[Ateso translation] Ebaret ekeda aiyare.,Agriculture,4,High,West Nile,Formal
S0889,English,Luganda,Good morning,[Luganda translation] Wasuze otya,Agriculture,2,High,Central,Informal
S0890,English,Lugbara,The patient needs medicine,[Lugbara translation] Ba azoruri le aro,Health,4,High,Eastern,Formal
S0891,English,Luganda,This park has many animals,[Luganda translation] Paaka eno erimu ensolo nyingi,Tourism,5,High,West Nile,Informal
S0892,English,Luganda,Welcome,[Luganda translation] Tukwaniriza,Education,1,High,Northern,Informal
S0893,English,Rukiga,The road is bad,[Rukiga translation] Oruguuto nirubi,Tourism,4,High,Central,Informal
S0894,English,Runyankole,The road is bad,[Runyankole translation] oruguto nirubi,Agriculture,4,High,Central,Formal
S0895,English,Acholi,Welcome,[Acholi translation] Wa joli,Health,1,High,West Nile,Informal
S0896,English,Runyankole,Welcome,[Runyankole translation] Twakushemererwa,Business,1,High,Central,Informal
S0897,English,Runyankole,The market is busy today,[Runyankole translation] Akatare kali busy,Business,5,High,West Nile,Informal
S0898,English,Rukiga,The crops are ready,[[Rukiga translation] Ebihingwa byezire,Agriculture,4,High,West Nile,Formal
S0899,English,Lugbara,School begins tomorrow,[Lugbara translation] Sukulu la ido dusi,Education,3,High,Western,Formal
S0900,English,Acholi,Welcome,[Acholi translation] Wa joli,Tourism,1,High,West Nile,Formal
S0901,English,Lugbara,Wash your hands,[Lugbara translation] Mi uji midriki,Health,3,High,Eastern,Informal
S0902,English,Lugbara,Open the door,[Lugbara translation] Indi kati,Health,3,High,Central,Formal
S0903,English,Luganda,School begins tomorrow,[Luganda translation] Essomero litandika enkya,Education,3,High,Northern,Formal
S0904,English,Rukiga,We are going home,[[Rukiga translation] Turiyo nituza omuka,Education,4,High,Northern,Informal
S0905,English,Acholi,Wash your hands,[Acholi translation] Lwok cingi,Health,3,High,Western,Informal
S0906,English,Luganda,The patient needs medicine,[Luganda translation] Omulwadde yeetaaga eddagala,Health,4,High,Eastern,Formal
S0907,English,Lusoga,Wash your hands,[Lusoga translation] Naaba engalo dho,Health,3,High,Western,Formal
S0908,English,Runyankole,Thank you,[Runyankole translation] Twakushemererwa,Education,2,High,Western,Informal
S0909,English,Acholi,Thank you,[Acholi translation] Apwoya wun weng,Tourism,2,High,Eastern,Informal
S0910,English,Lusoga,The road is bad,[Lusoga translation] Oluguudo lubi,Daily Conversation,4,High,Northern,Informal
S0911,English,Lugbara,Welcome,[Lugbara translation] Ma ai mira,Education,1,High,Northern,Informal
S0912,English,Luganda,Wash your hands,[Luganda translation] Naaba emikono gyo,Health,3,High,West Nile,Informal
S0913,English,Luganda,Wash your hands,[Luganda translation] Naaba emikono gyo,Health,3,High,Eastern,Formal
S0914,English,Acholi,The road is bad,[Acholi translation] Gudu ni rac,Education,4,High,Eastern,Informal
S0915,English,Runyankole,Open the door,[Runyankole translation] Yigura orwigyi,Tourism,3,High,Central,Formal
S0916,English,Rukiga,Wash your hands,[Rukiga translation] Naaba engaro zaawe,Health,3,High,Eastern,Informal
S0917,English,Luganda,Open the door,[Luganda translation] Ggulawo oluggi,Health,3,High,Western,Informal
S0918,English,Lusoga,The patient needs medicine,[Lusoga translation] Omulwaire yetaaga obulezi,Health,4,High,West Nile,Formal
S0919,English,Luganda,Wash your hands,[Luganda translation] Naaba emikono gyo,Health,3,High,Northern,Informal
S0920,English,Ateso,Wash your hands,[Ateso translation] Elota akani,Health,3,High,Western,Formal
S0921,English,Rukiga,Thank you,[Rukiga translation] Webare,Agriculture,2,High,West Nile,Informal
S0922,English,Acholi,Good morning,[Acholi translation] Icoo Maber,Education,2,High,Central,Formal
S0923,English,Lugbara,This park has many animals,[Lugbara translation] Jeredigada anakpaki minji,Tourism,5,High,Eastern,Formal
S0924,English,Acholi,Open the door,[Acholi translation] Yab doggola,Business,3,High,Western,Informal
S0925,English,Lusoga,Wash your hands,[Lusoga translation] Naaba engalo dho,Health,3,High,Central,Informal
S0926,English,Rukiga,Welcome,[Rukiga translation] Twakwakiira,Daily Conversation,1,High,Western,Formal
S0927,English,Ateso,We are going home,[Ateso translation] Alototo oire,Daily Conversation,4,High,Eastern,Informal
S0928,English,Acholi,The road is bad,[Acholi translation] Gudu ni rac,Education,4,High,Eastern,Formal
S0929,English,Luganda,This park has many animals,[Luganda translation] Paaka eno erimu ensolo nyingi,Tourism,5,High,Central,Formal
S0930,English,Runyankole,The market is busy today,[Runyankole translation] Akatare kali busy,Business,5,High,West Nile,Formal
S0931,English,Acholi,The patient needs medicine,[Acholi translation] Latwo ni mito yat,Health,4,High,Eastern,Informal
S0932,English,Lugbara,We are going home,[Lugbara translation] Ama mu akuwa,Education,4,High,West Nile,Informal
S0933,English,Ateso,The crops are ready,[Ateso translation] Ebaret ekeda aiyare.,Agriculture,4,High,Western,Formal
S0934,English,Acholi,Wash your hands,[Acholi translation] Lwok cingi,Health,3,High,Western,Informal
S0935,English,Rukiga,Wash your hands,[Rukiga translation] Naaba engaro zaawe,Health,3,High,West Nile,Informal
S0936,English,Runyankole,Open the door,[Runyankole translation] Yigura orwigyi,Agriculture,3,High,West Nile,Formal
S0937,English,Runyankole,The patient needs medicine,[Runyankole translation] Omurwire nayenda omubazi,Health,4,High,Central,Informal
S0938,English,Acholi,School begins tomorrow,[Acholi translation] Gang Kwan obi cake diki,Education,3,High,Central,Formal
S0939,English,Acholi,Welcome,[Acholi translation] Wa joli,Education,1,High,Western,Formal
S0940,English,Acholi,Open the door,[Acholi translation] Yab doggola,Tourism,3,High,Central,Formal
S0941,English,Lusoga,Thank you,[Lusoga translation] Webale,Agriculture,2,High,Northern,Formal
S0942,English,Acholi,This park has many animals,[Acholi translation] Kabedo pa lee ni tye ki lee mapol,Tourism,5,High,Northern,Informal
S0943,English,Lugbara,The crops are ready,[Lugbara translation] Nyaka afukibo,Agriculture,4,High,Western,Formal
S0944,English,Rukiga,The market is busy today,[Rukiga translation] Akatare kijwire erizoba,Business,5,High,Central,Informal
S0945,English,Luganda,The road is bad,[Luganda translation] Ekkubo libi,Agriculture,4,High,Eastern,Formal
S0946,English,Lusoga,Wash your hands,[Lusoga translation] Naaba engalo dho,Health,3,High,Western,Informal
S0947,English,Runyankole,Welcome,[Runyankole translation] Twakushemererwa,Government,1,High,Western,Formal
S0948,English,Acholi,Good morning,[Acholi translation] Icoo Maber,Government,2,High,Western,Informal
S0949,English,Lusoga,The crops are ready,[Lusoga translation] Ebisimbe byatuuka,Agriculture,4,High,West Nile,Formal
####,English,Lusoga,The patient needs medicine,[Lusoga translation] Omulwaire yetaaga obulezi,Health,4,High,West Nile,Formal
S0951,English,Rukiga,Welcome,[Rukiga translation] Twakwakiira,Government,1,High,Eastern,Formal
S0952,English,Acholi,The crops are ready,[Acholi translation] Jami ma ki pito dong tye atera,Agriculture,4,High,Western,Formal
S0953,English,Runyankole,The patient needs medicine,[Runyankole translation] Omurwire nayenda omubazi,Health,4,High,Central,Formal
S0954,English,Acholi,School begins tomorrow,[Acholi translation] Gang Kwan obi cake diki,Education,3,High,Eastern,Formal
S0955,English,Acholi,The road is bad,[Acholi translation] Gudu ni rac,Health,4,High,Western,Informal
S0956,English,Runyankole,The road is bad,[Runyankole translation] oruguto nirubi,Health,4,High,Northern,Formal
S0957,English,Runyankole,The crops are ready,[Runyankole translation] Ebihingwa byahaire,Agriculture,4,High,Eastern,Informal
S0958,English,Luganda,School begins tomorrow,[Luganda translation] Essomero litandika enkya,Education,3,High,West Nile,Informal
S0959,English,Rukiga,Wash your hands,[Rukiga translation] Naaba engaro zaawe,Health,3,High,Western,Informal
S0960,English,Runyankole,The market is busy today,[Runyankole translation] Akatare kali busy,Business,5,High,West Nile,Informal
S0961,English,Lugbara,We are going home,[Lugbara translation] Ama mu akuwa,Agriculture,4,High,Eastern,Formal
S0962,English,Runyankole,This park has many animals,[Runyankole translation] Ekishaka kyiine ebinyamaiswa nyingi,Tourism,5,High,Eastern,Formal
S0963,English,Lusoga,We are going home,[Lusoga translation] Tuli kugya waka,Education,4,High,Western,Formal
S0964,English,Rukiga,Open the door,[Rukiga translation] Yaigura orwigi,Education,3,High,West Nile,Formal
S0965,English,Luganda,This park has many animals,[Luganda translation] Paaka eno erimu ensolo nyingi,Tourism,5,High,Eastern,Informal
S0966,English,Ateso,We are going home,[Ateso translation] Alototo oire,Daily Conversation,4,High,West Nile,Informal
S0967,English,Rukiga,Open the door,[Rukiga translation] Yaigura orwigi,Health,3,High,Central,Informal
S0968,English,Ateso,The market is busy today,[Ateso translation] Ipu etunya osokoni,Business,5,High,Eastern,Formal
S0969,English,Lugbara,This park has many animals,[Lugbara translation] Jeredigada anakpaki minji,Tourism,5,High,Western,Formal
S0970,English,Runyankole,Open the door,[Runyankole translation] Yigura orwigyi,Agriculture,3,High,Eastern,Formal
S0971,English,Acholi,This park has many animals,[Acholi translation] Kabedo pa lee ni tye ki lee mapol,Tourism,5,High,West Nile,Formal
S0972,English,Luganda,Open the door,[Luganda translation] Ggulawo oluggi,Health,3,High,West Nile,Formal
S0973,English,Lusoga,Welcome,[Lusoga translation] Tusangaile,Agriculture,1,High,Western,Formal
S0974,English,Lusoga,Thank you,[Lusoga translation] Webale,Tourism,2,High,Western,Formal
S0975,English,Lugbara,Wash your hands,[Lugbara translation] Mi uji midriki,Health,3,High,Eastern,Formal
S0976,English,Acholi,Thank you,[Acholi translation] Apwoya wun weng,Government,2,High,Eastern,Formal
S0977,English,Lugbara,The patient needs medicine,[Lugbara translation] Ba azoruri le aro,Health,4,High,West Nile,Formal
S0978,English,Runyankole,The patient needs medicine,[Runyankole translation] Omurwire nayenda omubazi,Health,4,High,West Nile,Informal
S0979,English,Luganda,Open the door,[Luganda translation] Ggulawo oluggi,Education,3,High,Northern,Formal
S0980,English,Rukiga,The crops are ready,[[Rukiga translation] Ebihingwa byezire,Agriculture,4,High,Central,Formal
S0981,English,Lusoga,Wash your hands,[Lusoga translation] Naaba engalo dho,Health,3,High,Central,Formal
S0982,English,Rukiga,Welcome,[Rukiga translation] Twakwakiira,Business,1,High,Eastern,Informal
S0983,English,Acholi,Wash your hands,[Acholi translation] Lwok cingi,Health,3,High,Western,Informal
S0984,English,Acholi,The crops are ready,[Acholi translation] Jami ma ki pito dong tye atera,Agriculture,4,High,Northern,Formal
S0985,English,Rukiga,The crops are ready,[[Rukiga translation] Ebihingwa byezire,Agriculture,4,High,Western,Informal
S0986,English,Ateso,Wash your hands,[Ateso translation] Elota akani,Health,3,High,West Nile,Informal
S0987,English,Luganda,The crops are ready,[Luganda translation] Ebirime bikuze,Agriculture,4,High,Northern,Formal
S0988,English,Ateso,This park has many animals,[Ateso translation] Epu eitur awujo,Tourism,5,High,West Nile,Informal
S0989,English,Ateso,Good morning,[Ateso translation] Ber otingela.,Daily Conversation,2,High,West Nile,Informal
S0990,English,Lugbara,The crops are ready,[Lugbara translation] Nyaka afukibo,Agriculture,4,High,Western,Informal
S0991,English,Runyankole,Welcome,[Runyankole translation] Twakushemererwa,Tourism,1,High,Western,Formal
S0992,English,Acholi,The market is busy today,[Acholi translation] Cuk tye ka tic matek tin,Business,5,High,West Nile,Informal
S0993,English,Luganda,We are going home,[Luganda translation] Tugenda waka,Business,4,High,West Nile,Formal
S0994,English,Ateso,The road is bad,[Ateso translation] Ebarabara ekeda aiboroit.,Education,4,High,West Nile,Informal
S0995,English,Luganda,The market is busy today,[Luganda translation] Akatale kaliimu abantu bangi leero,Business,5,High,Central,Informal
S0996,English,Runyankole,Welcome,[Runyankole translation] Twakushemererwa,Tourism,1,High,Central,Informal
S0997,English,Acholi,We are going home,[Acholi translation] Watye ka dok gang,Business,4,High,Western,Informal
S0998,English,Acholi,The patient needs medicine,[Acholi translation] Latwo ni mito yat,Health,4,High,West Nile,Formal
S0999,English,Lugbara,We are going home,[Lugbara translation] Ama mu akuwa,Education,4,High,Eastern,Informal
S1000,English,Luganda,Thank you,[Luganda translation] Webale,Health,2,High,Eastern,Formal
S1001,English,Lusoga,Good morning,[Lusoga translation] Wasuze otya,Agriculture,2,High,West Nile,Informal
S1002,English,Runyankole,Open the door,[Runyankole translation] Yigura orwigyi,Agriculture,3,High,Central,Formal
S1003,English,Ateso,The road is bad,[Ateso translation] Ebarabara ekeda aiboroit.,Agriculture,4,High,Central,Formal
S1004,English,Lusoga,This park has many animals,[Lusoga translation] Paaka eno elina ensolo kamaala,Tourism,5,High,West Nile,Formal
S1005,English,Rukiga,Good morning,[Rukiga translation] Bwashesha gye,Daily Conversation,2,High,Eastern,Formal
S1006,English,Rukiga,Wash your hands,[Rukiga translation] Naaba engaro zaawe,Health,3,High,Northern,Formal
S1007,English,Rukiga,This park has many animals,[Rukiga translation] Paaka egi erimu enyamaiswa mingi,Tourism,5,High,West Nile,Formal
S1008,English,Ateso,The road is bad,[Ateso translation] Ebarabara ekeda aiboroit.,Government,4,High,Western,Formal
S1009,English,Runyankole,Welcome,[Runyankole translation] Twakushemererwa,Agriculture,1,High,Northern,Informal
S1010,English,Acholi,The market is busy today,[Acholi translation] Cuk tye ka tic matek tin,Business,5,High,Central,Informal
S1011,English,Ateso,Good morning,[Ateso translation] Ber otingela.,Tourism,2,High,Western,Informal
S1012,English,Acholi,This park has many animals,[Acholi translation] Kabedo pa lee ni tye ki lee mapol,Tourism,5,High,Northern,Informal
S1013,English,Ateso,This park has many animals,[Ateso translation] Epu eitur awujo,Tourism,5,High,Eastern,Informal
S1014,English,Lugbara,The market is busy today,[Lugbara translation] Su fi andu,Business,5,High,West Nile,Formal
S1015,English,Lugbara,Open the door,[Lugbara translation] Indi kati,Daily Conversation,3,High,Northern,Informal
S1016,English,Runyankole,Thank you,[Runyankole translation] Webale,Health,2,High,Central,Informal
S1017,English,Lugbara,Open the door,[Lugbara translation] Indi kati,Health,3,High,Western,Formal
S1018,English,Lugbara,Open the door,[Lugbara translation] Indi kati,Agriculture,3,High,Western,Formal
S1019,English,Rukiga,We are going home,[[Rukiga translation] Turiyo nituza omuka,Business,4,High,West Nile,Formal
S1020,English,Acholi,Thank you,[Acholi translation] Apwoya wun weng,Agriculture,2,High,Eastern,Informal
S1021,English,Runyankole,Thank you,[Runyankole translation] Webale,Health,2,High,Central,Formal
S1022,English,Luganda,Good morning,[Luganda translation] Wasuze otya,Tourism,2,High,Northern,Formal
S1023,English,Acholi,The crops are ready,[Acholi translation] Jami ma ki pito dong tye atera,Agriculture,4,High,West Nile,Informal
S1024,English,Lusoga,Open the door,[Lusoga translation] Igulawo olwigi,Agriculture,3,High,Northern,Formal
S1025,English,Rukiga,Thank you,[Rukiga translation] Webare,Education,2,High,Central,Informal
S1026,English,Ateso,The crops are ready,[Ateso translation] Ebaret ekeda aiyare.,Agriculture,4,High,Central,Formal
S1027,English,Ateso,Thank you,[Ateso translation] Eyalama noi.,Health,2,High,West Nile,Informal
S1028,English,Runyankole,The crops are ready,[Runyankole translation] Ebihingwa byahaire,Agriculture,4,High,Western,Informal
S1029,English,Runyankole,Thank you,[Runyankole translation] Webale,Tourism,2,High,Eastern,Formal
S1030,English,Rukiga,We are going home,[[Rukiga translation] Turiyo nituza omuka,Tourism,4,High,Central,Informal
S1031,English,Luganda,Welcome,[Luganda translation] Tukwaniriza,Tourism,1,High,West Nile,Informal
S1032,English,Rukiga,Wash your hands,[Rukiga translation] Naaba engaro zaawe,Health,3,High,Eastern,Informal
S1033,English,Acholi,The road is bad,[Acholi translation] Gudu ni rac,Education,4,High,West Nile,Informal
S1034,English,Ateso,The road is bad,[Ateso translation] Ebarabara ekeda aiboroit.,Agriculture,4,High,Northern,Informal
S1035,English,Lusoga,Welcome,[Lusoga translation] Tusangaile,Health,1,High,Northern,Informal
S1036,English,Lugbara,Good morning,[Lugbara translation] Mi afu ngoni,Agriculture,2,High,Central,Formal
S1037,English,Acholi,The crops are ready,[Acholi translation] Jami ma ki pito dong tye atera,Agriculture,4,High,West Nile,Formal
S1038,English,Rukiga,We are going home,[[Rukiga translation] Turiyo nituza omuka,Education,4,High,West Nile,Informal
S1039,English,Runyankole,Good morning,[Runyankole translation] Oreiregye,Agriculture,2,High,Eastern,Formal
S1040,English,Runyankole,This park has many animals,[Runyankole translation] Ekishaka kyiine ebinyamaiswa nyingi,Tourism,5,High,Eastern,Formal
S1041,English,Lugbara,We are going home,[Lugbara translation] Ama mu akuwa,Agriculture,4,High,Western,Formal
S1042,English,Ateso,We are going home,[Ateso translation] Alototo oire,Daily Conversation,4,High,Western,Formal
S1043,English,Runyankole,Good morning,[Runyankole translation] Oreiregye,Tourism,2,High,West Nile,Informal
S1044,English,Lusoga,Wash your hands,[Lusoga translation] Naaba engalo dho,Health,3,High,Northern,Formal
S1045,English,Runyankole,We are going home,[Runyankole translation] Turiyo Nitutaha omuka,Business,4,High,Northern,Informal
S1046,English,Lugbara,This park has many animals,[Lugbara translation] Jeredigada anakpaki minji,Tourism,5,High,Eastern,Formal
S1047,English,Lusoga,Good morning,[Lusoga translation] Wasuze otya,Business,2,High,Central,Informal
S1048,English,Lugbara,Thank you,[Lugbara translation] Awodifo,Health,2,High,Northern,Informal
S1049,English,Rukiga,The crops are ready,[[Rukiga translation] Ebihingwa byezire,Agriculture,4,High,Western,Informal
S1050,English,Lugbara,The patient needs medicine,[Lugbara translation] Ba azoruri le aro,Health,4,High,Western,Formal
S1051,English,Lusoga,We are going home,[Lusoga translation] Tuli kugya waka,Tourism,4,High,Central,Informal
S1052,English,Runyankole,School begins tomorrow,[Runyankole translation] Eishomero niritandika nyencakare,Education,3,High,Central,Informal
S1053,English,Runyankole,The road is bad,[Runyankole translation] oruguto nirubi,Health,4,High,Eastern,Formal
S1054,English,Rukiga,The market is busy today,[Rukiga translation] Akatare kijwire erizoba,Business,5,High,Eastern,Formal
S1055,English,Runyankole,The patient needs medicine,[Runyankole translation] Omurwire nayenda omubazi,Health,4,High,West Nile,Informal
S1056,English,Ateso,Welcome,[Ateso translation] Ijalama anyin,Government,1,High,Northern,Formal
S1057,English,Runyankole,The crops are ready,[Runyankole translation] Ebihingwa byahaire,Agriculture,4,High,Western,Informal
S1058,English,Runyankole,Thank you,[Runyankole translation] Webale,Tourism,2,High,Eastern,Informal
S1059,English,Lusoga,The patient needs medicine,[Lusoga translation] Omulwaire yetaaga obulezi,Health,4,High,Northern,Formal
S1060,English,Lusoga,Good morning,[Lusoga translation] Wasuze otya,Business,2,High,West Nile,Informal
S1061,English,Lusoga,Open the door,[Lusoga translation] Igulawo olwigi,Tourism,3,High,Eastern,Informal
S1062,English,Ateso,The road is bad,[Ateso translation] Ebarabara ekeda aiboroit.,Education,4,High,West Nile,Formal
S1063,English,Ateso,Open the door,[Ateso translation] Buka ebwogo.,Government,3,High,Central,Formal
S1064,English,Lugbara,Wash your hands,[Lugbara translation] Mi uji midriki,Health,3,High,Northern,Formal
S1065,English,Lugbara,The market is busy today,[Lugbara translation] Su fi andu,Business,5,High,Northern,Formal
S1066,English,Runyankole,We are going home,[Runyankole translation] Turiyo Nitutaha omuka,Education,4,High,West Nile,Formal
S1067,English,Rukiga,The market is busy today,[Rukiga translation] Akatare kijwire erizoba,Business,5,High,Eastern,Formal
S1068,English,Runyankole,The patient needs medicine,[Runyankole translation] Omurwire nayenda omubazi,Health,4,High,Eastern,Informal
S1069,English,Runyankole,Wash your hands,[Runyankole translation] Naba engaro zaawe,Health,3,High,Central,Formal
S1070,English,Luganda,This park has many animals,[Luganda translation] Paaka eno erimu ensolo nyingi,Tourism,5,High,Eastern,Formal
S1071,English,Luganda,We are going home,[Luganda translation] Tugenda waka,Daily Conversation,4,High,West Nile,Informal
S1072,English,Ateso,Thank you,[Ateso translation] Eyalama noi.,Government,2,High,Western,Formal
S1073,English,Runyankole,Wash your hands,[Runyankole translation] Naba engaro zaawe,Health,3,High,West Nile,Formal
S1074,English,Rukiga,Good morning,[Rukiga translation] Bwashesha gye,Daily Conversation,2,High,Western,Formal
S1075,English,Ateso,The market is busy today,[Ateso translation] Ipu etunya osokoni,Business,5,High,Western,Formal
S1076,English,Runyankole,The market is busy today,[Runyankole translation] Akatare kali busy,Business,5,High,Northern,Formal
S1077,English,Luganda,The patient needs medicine,[Luganda translation] Omulwadde yeetaaga eddagala,Health,4,High,Northern,Informal
S1078,English,Runyankole,Welcome,[Runyankole translation] Twakushemererwa,Tourism,1,High,Eastern,Formal
S1079,English,Ateso,The crops are ready,[Ateso translation] Ebaret ekeda aiyare.,Agriculture,4,High,Eastern,Informal
S1080,English,Runyankole,Welcome,[Runyankole translation] Twakushemererwa,Agriculture,1,High,Northern,Informal
S1081,English,Lusoga,Open the door,[Lusoga translation] Igulawo olwigi,Agriculture,3,High,Eastern,Informal
S1082,English,Lugbara,Good morning,[Lugbara translation] Mi afu ngoni,Education,2,High,Northern,Informal
S1083,English,Acholi,The road is bad,[Acholi translation] Gudu ni rac,Daily Conversation,4,High,West Nile,Formal
S1084,English,Lusoga,This park has many animals,[Lusoga translation] Paaka eno elina ensolo kamaala,Tourism,5,High,Northern,Informal
S1085,English,Ateso,The crops are ready,[Ateso translation] Ebaret ekeda aiyare.,Agriculture,4,High,Eastern,Formal
S1086,English,Lusoga,The market is busy today,[Lusoga translation] Akatale kalimu abantu kamala olwalelo,Business,5,High,Central,Informal
S1087,English,Lusoga,Open the door,[Lusoga translation] Igulawo olwigi,Business,3,High,Central,Formal
S1088,English,Acholi,The patient needs medicine,[Acholi translation] Latwo ni mito yat,Health,4,High,Northern,Informal
S1089,English,Ateso,This park has many animals,[Ateso translation] Epu eitur awujo,Tourism,5,High,West Nile,Formal
S1090,English,Runyankole,School begins tomorrow,[Runyankole translation] Eishomero niritandika nyencakare,Education,3,High,Northern,Formal
S1091,English,Acholi,We are going home,[Acholi translation] Watye ka dok gang,Health,4,High,Northern,Formal
S1092,English,Luganda,The market is busy today,[Luganda translation] Akatale kaliimu abantu bangi leero,Business,5,High,West Nile,Formal
S1093,English,Ateso,Wash your hands,[Ateso translation] Elota akani,Health,3,High,Western,Informal
S1094,English,Rukiga,We are going home,[[Rukiga translation] Turiyo nituza omuka,Agriculture,4,High,Eastern,Formal
S1095,English,Rukiga,Wash your hands,[Rukiga translation] Naaba engaro zaawe,Health,3,High,West Nile,Informal
S1096,English,Acholi,Good morning,[Acholi translation] Wu coo Maber,Daily Conversation,2,High,Central,Informal
S1097,English,Runyankole,School begins tomorrow,[Runyankole translation] Eishomero niritandika nyencakare,Education,3,High,Northern,Informal
S1098,English,Luganda,Thank you,[Luganda translation] Webale,Government,2,High,Central,Informal
S1099,English,Rukiga,Open the door,[Rukiga translation] Yaigura orwigi,Government,3,High,Central,Informal
S1100,English,Lusoga,Good morning,[Lusoga translation] Wasuze otya,Daily Conversation,2,High,Eastern,Informal
S1101,English,Rukiga,The crops are ready,[[Rukiga translation] Ebihingwa byezire,Agriculture,unknown,High,Northern,Formal
S1102,English,Acholi,We are going home,[Acholi translation] Watye ka dok gang,Tourism,4,High,Eastern,Informal
S1103,English,Runyankole,Open the door,[Runyankole translation] Yigura orwigyi,Health,3,High,Northern,Formal
S1104,English,Ateso,Thank you,[Ateso translation] Eyalama noi.,Business,2,High,Eastern,Formal
S1105,English,Lusoga,Welcome,[Lusoga translation] Tusangaile,Government,1,High,Central,Informal
S1106,English,Acholi,We are going home,[Acholi translation] Watye ka dok gang,Education,4,High,Northern,Informal
S1107,English,Lusoga,Thank you,[Lusoga translation] Webale,Business,2,High,Western,Formal
S1108,English,Runyankole,Welcome,[Runyankole translation] Twakushemererwa,Health,1,High,West Nile,Informal
S1109,English,Acholi,The road is bad,[Acholi translation] Gudu ni rac,Agriculture,4,High,Western,Formal
S1110,English,Acholi,The patient needs medicine,[Acholi translation] Latwo ni mito yat,Health,4,High,Northern,Informal
S1111,English,Luganda,School begins tomorrow,[Luganda translation] Essomero litandika enkya,Education,3,High,Central,Formal
S1112,English,Lugbara,Good morning,[Lugbara translation] Mi afu ngoni,Business,2,High,Northern,Informal
S1113,English,Ateso,Open the door,[Ateso translation] Buka ebwogo.,Health,3,High,Eastern,Formal
S1114,English,Luganda,Thank you,[Luganda translation] Webale,Government,2,High,Eastern,Informal
S1115,English,Lusoga,The crops are ready,[Lusoga translation] Ebisimbe byatuuka,Agriculture,4,High,Northern,Formal
S1116,English,Ateso,The crops are ready,[Ateso translation] Ebaret ekeda aiyare.,Agriculture,4,High,Eastern,Informal
S1117,English,Lugbara,Good morning,[Lugbara translation] Mi afu ngoni,Government,2,High,Western,Formal
S1118,English,Rukiga,The crops are ready,[[Rukiga translation] Ebihingwa byezire,Agriculture,4,High,West Nile,Informal
S1119,English,Runyankole,The market is busy today,[Runyankole translation] Akatare kali busy,Business,5,High,West Nile,Formal
S1120,English,Lugbara,School begins tomorrow,[Lugbara translation] Sukulu la ido dusi,Education,3,High,Northern,Informal
S1121,English,Rukiga,The road is bad,[Rukiga translation] Oruguuto nirubi,Business,4,High,Central,Informal
S1122,English,Rukiga,Wash your hands,[Rukiga translation] Naaba engaro zaawe,Health,3,High,Central,Formal
S1123,English,Luganda,This park has many animals,[Luganda translation] Paaka eno erimu ensolo nyingi,Tourism,5,High,West Nile,Formal
S1124,English,Lugbara,The crops are ready,[Lugbara translation] Nyaka afukibo,Agriculture,4,High,Central,Formal
S1125,English,Ateso,Open the door,[Ateso translation] Buka ebwogo.,Agriculture,3,High,Northern,Formal
S1126,English,Rukiga,Open the door,[Rukiga translation] Yaigura orwigi,Health,3,High,Central,Informal
S1127,English,Lusoga,Wash your hands,[Lusoga translation] Naaba engalo dho,Health,3,High,Central,Formal
S1128,English,Rukiga,We are going home,[[Rukiga translation] Turiyo nituza omuka,Health,4,High,West Nile,Informal
S1129,English,Rukiga,School begins tomorrow,[[Rukiga translation] Eishomero niritandika nyencakare,Education,3,High,Northern,Formal
S1130,English,Lusoga,We are going home,[Lusoga translation] Tuli kugya waka,Daily Conversation,4,High,Central,Formal
S1131,English,Acholi,The road is bad,[Acholi translation] Gudu ni rac,Tourism,4,High,Northern,Formal
S1132,English,Ateso,The market is busy today,[Ateso translation] Ipu etunya osokoni,Business,5,High,West Nile,Informal
S1133,English,Ateso,We are going home,[Ateso translation] Alototo oire,Daily Conversation,4,High,Central,Formal
S1134,English,Acholi,This park has many animals,[Acholi translation] Kabedo pa lee ni tye ki lee mapol,Tourism,5,High,Central,Informal
S1135,English,Ateso,Welcome,[Ateso translation] Ijalama anyin,Daily Conversation,1,High,Central,Informal
S1136,English,Luganda,Welcome,[Luganda translation] Tukwaniriza,Health,1,High,Central,Informal
S1137,English,Lugbara,We are going home,[Lugbara translation] Ama mu akuwa,Daily Conversation,4,High,Western,Informal
S1138,English,Acholi,Wash your hands,[Acholi translation] Lwok cingi,Health,3,High,Northern,Informal
S1139,English,Rukiga,The crops are ready,[[Rukiga translation] Ebihingwa byezire,Agriculture,4,High,Central,Informal
S1140,English,Runyankole,We are going home,[Runyankole translation] Turiyo Nitutaha omuka,Tourism,4,High,Western,Informal
S1141,English,Luganda,Thank you,[Luganda translation] Webale,Education,2,High,Western,Informal
S1142,English,Acholi,The crops are ready,[Acholi translation] Jami ma ki pito dong tye atera,Agriculture,4,High,Western,Formal
S1143,English,Lugbara,We are going home,[Lugbara translation] Ama mu akuwa,Daily Conversation,4,High,Western,Formal
S1144,English,Runyankole,The road is bad,[Runyankole translation] Oruguto nirubi,Tourism,4,High,Eastern,Formal
S1145,English,Luganda,We are going home,[Luganda translation] Tugenda waka,Business,4,High,West Nile,Informal
S1146,English,Lusoga,The market is busy today,[Lusoga translation] Akatale kalimu abantu kamala olwalelo,Business,5,High,West Nile,Formal
S1147,English,Lusoga,This park has many animals,[Lusoga translation] Paaka eno elina ensolo kamaala,Tourism,5,High,Eastern,Formal
S1148,English,Luganda,Good morning,[Luganda translation] Wasuze otya,Government,2,High,West Nile,Formal
S1149,English,Acholi,This park has many animals,[Acholi translation] Kabedo pa lee ni tye ki lee mapol,Tourism,5,High,Eastern,Formal
S1150,English,Runyankole,The road is bad,[Runyankole translation] Oruguto nirubi,Business,4,High,Central,Informal
S1151,English,Runyankole,Wash your hands,[Runyankole translation] Naba engaro zaawe,Health,3,High,West Nile,Formal
S1152,English,Ateso,Wash your hands,[Ateso translation] Elota akani,Health,3,High,Eastern,Formal
S1153,English,Lugbara,Good morning,[Lugbara translation] Mi afu ngoni,Health,2,High,Northern,Informal
S1154,English,Rukiga,School begins tomorrow,[[Rukiga translation] Eishomero niritandika nyencakare,Education,3,High,Central,Formal
S1155,English,Runyankole,Wash your hands,[Runyankole translation] Naba engaro zaawe,Health,3,High,Western,Informal
S1156,English,Lugbara,Welcome,[Lugbara translation] Ma ai mira,Government,1,High,Eastern,Formal
S1157,English,Runyankole,School begins tomorrow,[Runyankole translation] Eishomero niritandika nyencakare,Education,3,High,Eastern,Formal
S1158,English,Lugbara,Good morning,[Lugbara translation] Mi afu ngoni,Business,2,High,Central,Informal
S1159,English,Lusoga,School begins tomorrow,[Lusoga translation] Eisomero litandika idho,Education,3,High,Northern,Informal
S1160,English,Ateso,The crops are ready,[Ateso translation] Ebaret ekeda aiyare.,Agriculture,4,High,West Nile,Formal
S1161,English,Lusoga,The road is bad,[Lusoga translation] Oluguudo lubi,Health,4,High,Central,Formal
S1162,English,Luganda,Thank you,[Luganda translation] Webale,Daily Conversation,2,High,West Nile,Formal
S1163,English,Ateso,Wash your hands,[Ateso translation] Elota akani,Health,3,High,West Nile,Formal
S1164,English,Rukiga,The market is busy today,[Rukiga translation] Akatare kijwire erizoba,Business,5,High,Northern,Formal
S1165,English,Luganda,Open the door,[Luganda translation] Ggulawo oluggi,Tourism,3,High,West Nile,Informal
S1166,English,Acholi,We are going home,[Acholi translation] Watye ka dok gang,Business,4,High,Western,Formal
S1167,English,Ateso,We are going home,[Ateso translation] Alototo oire,Daily Conversation,4,High,Eastern,Formal
S1168,English,Ateso,The market is busy today,[Ateso translation] Ipu etunya osokoni,Business,5,High,Central,Formal
S1169,English,Lugbara,Wash your hands,[Lugbara translation] Mi uji midriki,Health,3,High,Central,Formal
S1170,English,Runyankole,Welcome,[Runyankole translation] Twakushemererwa,Daily Conversation,1,High,Northern,Formal
S1171,English,Rukiga,School begins tomorrow,[[Rukiga translation] Eishomero niritandika nyencakare,Education,3,High,Central,Informal
S1172,English,Luganda,The road is bad,[Luganda translation] Ekkubo libi,Daily Conversation,4,High,Northern,Informal
S1173,English,Acholi,We are going home,[Acholi translation] Watye ka dok gang,Government,4,High,Central,Informal
S1174,English,Luganda,The road is bad,[Luganda translation] Ekkubo libi,Health,4,High,Northern,Formal
S1175,English,Luganda,The road is bad,[Luganda translation] Ekkubo libi,Education,4,High,Eastern,Formal
S1176,English,Ateso,Welcome,[Ateso translation] Ijalama anyin,Health,1,High,Eastern,Informal
S1177,English,Lugbara,We are going home,[Lugbara translation] Ama mu akuwa,Business,4,High,West Nile,Informal
S1178,English,Luganda,The market is busy today,[Luganda translation] Akatale kaliimu abantu bangi leero,Business,5,High,Central,Informal
S1179,English,Lugbara,Welcome,[Lugbara translation] Ma ai mira,Health,1,High,West Nile,Formal
S1180,English,Luganda,The patient needs medicine,[Luganda translation] Omulwadde yeetaaga eddagala,Health,4,High,Eastern,Informal
S1181,English,Ateso,The patient needs medicine,[Ateso translation] Ekotosi adeka ekia,Health,4,High,Central,Formal
S1182,English,Rukiga,The patient needs medicine,[Rukiga translation] Omurwaire nayetenga embazi,Health,4,High,Western,Formal
S1183,English,Runyankole,School begins tomorrow,[Runyankole translation] Eishomero niritandika nyencakare,Education,3,High,West Nile,Formal
S1184,English,Luganda,The road is bad,[Luganda translation] Ekkubo libi,Business,4,High,Western,Informal
S1185,English,Ateso,Thank you,[Ateso translation] Eyalama noi.,Education,2,High,Northern,Informal
S1186,English,Lugbara,The patient needs medicine,[Lugbara translation] Ba azoruri le aro,Health,4,High,Eastern,Formal
S1187,English,Rukiga,This park has many animals,[Rukiga translation] Paaka egi erimu enyamaiswa mingi,Tourism,5,High,Central,Formal
S1188,English,Lusoga,This park has many animals,[Lusoga translation] Paaka eno elina ensolo kamaala,Tourism,5,High,Central,Formal
S1189,English,Acholi,Thank you,[Acholi translation] Apwoya wun weng,Tourism,2,High,West Nile,Formal
S1190,English,Lusoga,The road is bad,[Lusoga translation] Oluguudo lubi,Government,4,High,West Nile,Formal
S1191,English,Rukiga,Thank you,[Rukiga translation] Webare,Tourism,2,High,Central,Informal
S1192,English,Runyankole,The patient needs medicine,[Runyankole translation] Omurwire nayenda omubazi,Health,4,High,Central,Informal
S1193,English,Luganda,This park has many animals,[Luganda translation] Paaka eno erimu ensolo nyingi,Tourism,5,High,Western,Formal
S1194,English,Rukiga,The patient needs medicine,[Rukiga translation] Omurwaire nayetenga embazi,Health,4,High,West Nile,Informal
S1195,English,Acholi,School begins tomorrow,[Acholi translation] Gang Kwan obi cake diki,Education,3,High,Western,Informal
S1196,English,Acholi,Open the door,[Acholi translation] Yab doggola,Tourism,3,High,Western,Formal
S1197,English,Lugbara,Welcome,[Lugbara translation] Ma ai mira,Daily Conversation,1,High,Northern,Formal
S1198,English,Rukiga,The crops are ready,[[Rukiga translation] Ebihingwa byezire,Agriculture,4,High,Central,Formal
S1199,English,Luganda,The road is bad,[Luganda translation] Ekkubo libi,Agriculture,4,High,West Nile,Informal
S1200,English,Acholi,This park has many animals,[Acholi translation] Kabedo pa lee ni tye ki lee mapol,Tourism,5,High,Western,Formal
S1201,English,Lugbara,Good morning,[Lugbara translation] Mi afu ngoni,Education,2,High,Northern,Formal
S1202,English,Acholi,Thank you,[Acholi translation] Apwoya wun weng,Government,2,High,Northern,Informal
S1203,English,Acholi,We are going home,[Acholi translation] Watye ka dok gang,Agriculture,4,High,Eastern,Informal
S1204,English,Luganda,School begins tomorrow,[Luganda translation] Essomero litandika enkya,Education,3,High,West Nile,Informal
S1205,English,Luganda,School begins tomorrow,[Luganda translation] Essomero litandika enkya,Education,3,High,Eastern,Formal
S1206,English,Rukiga,The patient needs medicine,[Rukiga translation] Omurwaire nayetenga embazi,Health,4,High,Western,Formal
S1207,English,Runyankole,We are going home,[Runyankole translation] Turiyo Nitutaha omuka,Health,4,High,Eastern,Informal
S1208,English,Rukiga,The patient needs medicine,[Rukiga translation] Omurwaire nayetenga embazi,Health,4,High,Central,Informal
S1209,English,Ateso,The crops are ready,[Ateso translation] Ebaret ekeda aiyare.,Agriculture,4,High,Northern,Formal
S1210,English,Acholi,The crops are ready,[Acholi translation] Jami ma ki pito dong tye atera,Agriculture,4,High,Northern,Informal
S1211,English,Rukiga,Good morning,[Rukiga translation] Bwashesha gye,Education,2,High,Western,Informal
S1212,English,Acholi,Welcome,[Acholi translation] Wa joli,Agriculture,1,High,Central,Informal
S1213,English,Acholi,Wash your hands,[Acholi translation] Lwok cingi,Health,3,High,Northern,Informal
S1214,English,Runyankole,Welcome,[Runyankole translation] Twakushemererwa,Daily Conversation,1,High,Eastern,Formal
S1215,English,Acholi,We are going home,[Acholi translation] Watye ka dok gang,Health,4,High,West Nile,Informal
S1216,English,Rukiga,Wash your hands,[Rukiga translation] Naaba engaro zaawe,Health,3,High,Northern,Formal
S1217,English,Lugbara,The crops are ready,[Lugbara translation] Nyaka afukibo,Agriculture,4,High,Central,Informal
S1218,English,Ateso,Wash your hands,[Ateso translation] Elota akani,Health,3,High,Eastern,Formal
S1219,English,Ateso,The market is busy today,[Ateso translation] Ipu etunya osokoni,Business,5,High,West Nile,Formal
S1220,English,Acholi,The patient needs medicine,[Acholi translation] Latwo ni mito yat,Health,4,High,Eastern,Informal
S1221,English,Runyankole,The road is bad,[Runyankole translation] Oruguto nirubi,Business,4,High,Central,Informal
S1222,English,Runyankole,This park has many animals,[Runyankole translation] Ekishaka kyiine ebinyamaiswa nyingi,Tourism,5,High,Central,Formal
S1223,English,Luganda,We are going home,[Luganda translation] Tugenda waka,Education,4,High,Central,Formal
S1224,English,Luganda,The road is bad,[Luganda translation] Ekkubo libi,Business,4,High,Western,Informal
S1225,English,Lusoga,The road is bad,[Lusoga translation] Oluguudo lubi,Agriculture,4,High,West Nile,Informal
S0001,English,Luganda,The road is bad,[Luganda translation] Ekkubo libi,Agriculture,4,High,Eastern,Formal
S1227,English,Lusoga,We are going home,[Lusoga translation] Tuli kugya waka,Health,4,High,Eastern,Informal
S1228,English,Lusoga,Open the door,[Lusoga translation] Igulawo olwigi,Agriculture,3,High,Northern,Formal
S1229,English,Rukiga,Good morning,[Rukiga translation] Bwashesha gye,Government,2,High,West Nile,Formal
S1230,English,Lugbara,Wash your hands,[Lugbara translation] Mi uji midriki,Health,3,High,Central,Informal
S1231,English,Acholi,School begins tomorrow,[Acholi translation] Gang Kwan obi cake diki,Education,3,High,Western,Informal
S1232,English,Acholi,The crops are ready,[Acholi translation] Jami ma ki pito dong tye atera,Agriculture,4,High,Eastern,Formal
S1233,English,Acholi,Welcome,[Acholi translation] Wa joli,Education,1,High,Eastern,Informal
S1234,English,Luganda,School begins tomorrow,[Luganda translation] Essomero litandika enkya,Education,3,High,Eastern,Formal
S1235,English,Luganda,Thank you,[Luganda translation] Webale,Education,2,High,West Nile,Formal
S1236,English,Lugbara,The patient needs medicine,[Lugbara translation] Ba azoruri le aro,Health,4,High,Western,Informal
S1237,English,Lugbara,We are going home,[Lugbara translation] Ama mu akuwa,Daily Conversation,4,High,Northern,Informal
S1238,English,Runyankole,The crops are ready,[Runyankole translation] Ebihingwa byahaire,Agriculture,4,High,Central,Formal
S1239,English,Rukiga,Wash your hands,[Rukiga translation] Naaba engaro zaawe,Health,3,High,Western,Formal
S1240,English,Lugbara,School begins tomorrow,[Lugbara translation] Sukulu la ido dusi,Education,3,High,West Nile,Formal
S1241,English,Rukiga,Open the door,[Rukiga translation] Yaigura orwigi,Education,3,High,Central,Formal
S1242,English,Lusoga,The crops are ready,[Lusoga translation] Ebisimbe byatuuka,Agriculture,4,High,Northern,Informal
S1243,English,Runyankole,The crops are ready,[Runyankole translation] Ebihingwa byahaire,Agriculture,4,High,Eastern,Informal
S1244,English,Luganda,Wash your hands,[Luganda translation] Naaba emikono gyo,Health,3,High,Central,Informal
S1245,English,Luganda,This park has many animals,[Luganda translation] Paaka eno erimu ensolo nyingi,Tourism,5,High,Eastern,Formal
S1246,English,Luganda,Open the door,[Luganda translation] Ggulawo oluggi,Agriculture,3,High,West Nile,Formal
S1247,English,Ateso,The market is busy today,[Ateso translation] Ipu etunya osokoni,Business,5,High,Central,Informal
S1248,English,Lusoga,The crops are ready,[Lusoga translation] Ebisimbe byatuuka,Agriculture,4,High,Northern,Formal
S1249,English,Luganda,Wash your hands,[Luganda translation] Naaba emikono gyo,Health,3,High,Western,Informal
S1250,English,Lusoga,Thank you,[Lusoga translation] Webale,Business,2,High,West Nile,Informal
S1251,English,Rukiga,The patient needs medicine,[Rukiga translation] Omurwaire nayetenga embazi,Health,4,High,Eastern,Formal
S1252,English,Ateso,We are going home,[Ateso translation] Alototo oire,Daily Conversation,4,High,Central,Formal
S1253,English,Lugbara,Good morning,[Lugbara translation] Mi afu ngoni,Government,2,High,Western,Informal
S1254,English,Acholi,Good morning,[Acholi translation] Wu coo Maber,Business,2,High,Northern,Formal
S1255,English,Lugbara,The crops are ready,[Lugbara translation] Nyaka afukibo,Agriculture,4,High,Central,Informal
S1256,English,Lugbara,The patient needs medicine,[Lugbara translation] Ba azoruri le aro,Health,4,High,Eastern,Formal
S1257,English,Acholi,The road is bad,[Acholi translation] Gudu ni rac,Tourism,4,High,Northern,Informal
S1258,English,Acholi,This park has many animals,[Acholi translation] Kabedo pa lee ni tye ki lee mapol,Tourism,5,High,Northern,Formal
S1259,English,Lugbara,The market is busy today,[Lugbara translation] Su fi andu,Business,5,High,Central,Formal
S1260,English,Lusoga,The patient needs medicine,[Lusoga translation] Omulwaire yetaaga obulezi,Health,4,High,West Nile,Formal
S1261,English,Lugbara,The market is busy today,[Lugbara translation] Su fi andu,Business,5,High,West Nile,Formal
S1262,English,Luganda,The patient needs medicine,[Luganda translation] Omulwadde yeetaaga eddagala,Health,4,High,West Nile,Informal
S1263,English,Lusoga,We are going home,[Lusoga translation] Tuli kugya waka,Government,4,High,West Nile,Formal
S1264,English,Rukiga,This park has many animals,[Rukiga translation] Paaka egi erimu enyamaiswa mingi,Tourism,5,High,Northern,Informal
S1265,English,Rukiga,Open the door,[Rukiga translation] Yaigura orwigi,Education,3,High,Western,Formal
S1266,English,Lusoga,Thank you,[Lusoga translation] Webale,Tourism,2,High,Eastern,Formal
S1267,English,Luganda,The patient needs medicine,[Luganda translation] Omulwadde yeetaaga eddagala,Health,4,High,Central,Formal
S1268,English,Lusoga,The crops are ready,[Lusoga translation] Ebisimbe byatuuka,Agriculture,4,High,Northern,Informal
S1269,English,Lugbara,Good morning,[Lugbara translation] Mi afu ngoni,Government,2,High,Eastern,Informal
S1270,English,Acholi,Thank you,[Acholi translation] Apwoya wun weng,Agriculture,2,High,Eastern,Informal
S1271,English,Luganda,The market is busy today,[Luganda translation] Akatale kaliimu abantu bangi leero,Business,5,High,Northern,Informal
S1272,English,Acholi,Wash your hands,[Acholi translation] Lwok cingi,Health,3,High,Eastern,Formal
S1273,English,Luganda,Good morning,[Luganda translation] Wasuze otya,Education,2,High,Eastern,Formal
S1274,English,Rukiga,Welcome,[Rukiga translation] Twakwakiira,Agriculture,1,High,Western,Informal
S1275,English,Lugbara,This park has many animals,[Lugbara translation] Jeredigada anakpaki minji,Tourism,5,High,West Nile,Formal
S1276,English,Lugbara,The patient needs medicine,[Lugbara translation] Ba azoruri le aro,Health,4,High,Northern,Formal
S1277,English,Luganda,The crops are ready,[Luganda translation] Ebirime bikuze,Agriculture,4,High,West Nile,Informal
S1278,English,Rukiga,Wash your hands,[Rukiga translation] Naaba engaro zaawe,Health,3,High,West Nile,Formal
S1279,English,Acholi,Good morning,[Acholi translation] Wu coo Maber,Education,2,High,Northern,Formal
S1280,English,Lugbara,We are going home,[Lugbara translation] Ama mu akuwa,Health,4,High,Western,Informal
S1281,English,Ateso,The crops are ready,[Ateso translation] Ebaret ekeda aiyare.,Agriculture,4,High,West Nile,Formal
S1282,English,Ateso,School begins tomorrow,[Ateso translation] Egenu esomero emoi,Education,3,High,Western,Formal
S1283,English,Runyankole,School begins tomorrow,[Runyankole translation] Eishomero niritandika nyencakare,Education,3,High,West Nile,Formal
S1284,English,Ateso,This park has many animals,[Ateso translation] Epu eitur awujo,Tourism,5,High,Eastern,Informal
S1285,English,Runyankole,The road is bad,[Runyankole translation] Oruguto nirubi,Business,4,High,Western,Formal
S1286,English,Lusoga,The road is bad,[Lusoga translation] Oluguudo lubi,Government,4,High,Central,Informal
S1287,English,Ateso,Welcome,[Ateso translation] Ijalama anyin,Daily Conversation,1,High,West Nile,Formal
S1288,English,Rukiga,The patient needs medicine,[Rukiga translation] Omurwaire nayetenga embazi,Health,4,High,Eastern,Informal
S1289,English,Ateso,The patient needs medicine,[Ateso translation] Ekotosi adeka ekia,Health,4,High,Western,Informal
S1290,English,Ateso,The patient needs medicine,[Ateso translation] Ekotosi adeka ekia,Health,4,High,Western,Informal
S1291,English,Luganda,Wash your hands,[Luganda translation] Naaba emikono gyo,Health,3,High,West Nile,Formal
S1292,English,Luganda,We are going home,[Luganda translation] Tugenda waka,Business,4,High,Northern,Informal
S1293,English,Luganda,This park has many animals,[Luganda translation] Paaka eno erimu ensolo nyingi,Tourism,5,High,Central,Formal
S1294,English,Ateso,School begins tomorrow,[Ateso translation] Egenu esomero emoi,Education,3,High,Central,Informal
S1295,English,Acholi,Wash your hands,[Acholi translation] Lwok cingi,Health,3,High,Western,Informal
S1296,English,Luganda,The market is busy today,[Luganda translation] Akatale kaliimu abantu bangi leero,Business,5,High,Eastern,Formal
S1297,English,Acholi,School begins tomorrow,[Acholi translation] Gang Kwan obi cake diki,Education,3,High,West Nile,Formal
S1298,English,Lugbara,Good morning,[Lugbara translation] Mi afu ngoni,Tourism,2,High,Central,Formal
S1299,English,Luganda,Welcome,[Luganda translation] Tukwaniriza,Health,1,High,Western,Informal
S1300,English,Lugbara,Wash your hands,[Lugbara translation] Mi uji midriki,Health,3,High,Western,Formal
S1301,English,Runyankole,The road is bad,[Runyankole translation] Oruguto nirubi,Agriculture,4,High,Central,Formal
S1302,English,Lusoga,The road is bad,[Lusoga translation] Oluguudo lubi,Education,4,High,Western,Formal
S1303,English,Rukiga,Welcome,[Rukiga translation] Twakwakiira,Tourism,1,High,Eastern,Informal
S1304,English,Lusoga,Wash your hands,[Lusoga translation] Naaba engalo dho,Health,3,High,Central,Formal
S1305,English,Acholi,The road is bad,[Acholi translation] Gudu ni rac,Daily Conversation,4,High,Western,Formal
S1306,English,Luganda,We are going home,[Luganda translation] Tugenda waka,Agriculture,4,High,West Nile,Informal
S1307,English,Luganda,The crops are ready,[Luganda translation] Ebirime bikuze,Agriculture,4,High,Northern,Formal
S1308,English,Lugbara,School begins tomorrow,[Lugbara translation] Sukulu la ido dusi,Education,3,High,Eastern,Formal
S1309,English,Runyankole,Good morning,[Runyankole translation] Oreiregye ,Government,2,High,Central,Informal
S1310,English,Luganda,Welcome,[Luganda translation] Tukwaniriza,Government,1,High,Central,Informal
S1311,English,Lugbara,Open the door,[Lugbara translation] Indi kati,Tourism,3,High,Eastern,Informal
S1312,English,Ateso,The road is bad,[Ateso translation] Ebarabara ekeda aiboroit.,Health,4,High,Central,Informal
S1313,English,Ateso,The patient needs medicine,[Ateso translation] Ekotosi adeka ekia,Health,4,High,Northern,Informal
S1314,English,Lugbara,Thank you,[Lugbara translation] Awodifo,Education,2,High,Central,Informal
S1315,English,Acholi,Welcome,[Acholi translation] Wa joli,Tourism,1,High,Eastern,Formal
S1316,English,Runyankole,Good morning,[Runyankole translation] Oreiregye ,Education,2,High,Central,Informal
S1317,English,Acholi,Wash your hands,[Acholi translation] Lwok cingi,Health,3,High,Northern,Informal
S1318,English,Runyankole,Wash your hands,[Runyankole translation] Naba engaro zaawe,Health,3,High,West Nile,Informal
S1319,English,Luganda,The patient needs medicine,[Luganda translation] Omulwadde yeetaaga eddagala,Health,4,High,Central,Informal
S1320,English,Luganda,Good morning,[Luganda translation] Wasuze otya,Health,2,High,Eastern,Informal
S1321,English,Ateso,This park has many animals,[Ateso translation] Epu eitur awujo,Tourism,5,High,Northern,Informal
S1322,English,Rukiga,Open the door,[Rukiga translation] Yaigura orwigi,Daily Conversation,3,High,Central,Informal
S1323,English,Ateso,Open the door,[Ateso translation] Buka ebwogo.,Government,3,High,Northern,Informal
S1324,English,Acholi,The patient needs medicine,[Acholi translation] Latwo ni mito yat,Health,4,High,West Nile,Informal
S1325,English,Lugbara,Open the door,[Lugbara translation] Indi kati,Education,3,High,Eastern,Informal
S1326,English,Ateso,The road is bad,[Ateso translation] Ebarabara ekeda aiboroit.,Daily Conversation,4,High,Central,Informal
S1327,English,Rukiga,Wash your hands,[Rukiga translation] Naaba engaro zaawe,Health,3,High,West Nile,Formal
S1328,English,Ateso,We are going home,[Ateso translation] Alototo oire,Daily Conversation,4,High,West Nile,Informal
S1329,English,Rukiga,The crops are ready,[[Rukiga translation] Ebihingwa byezire,Agriculture,4,High,West Nile,Formal
S1330,English,Lusoga,Good morning,[Lusoga translation] Wasuze otya,Government,2,High,Western,Informal
S1331,English,Ateso,This park has many animals,[Ateso translation] Epu eitur awujo,Tourism,5,High,Eastern,Informal
S1332,English,Runyankole,This park has many animals,[Runyankole translation] Ekishaka kyiine ebinyamaiswa nyingi,Tourism,5,High,West Nile,Formal
S1333,English,Rukiga,We are going home,[[Rukiga translation] Turiyo nituza omuka,Health,4,High,Eastern,Formal
S1334,English,Ateso,Wash your hands,[Ateso translation] Elota akani,Health,3,High,Eastern,Informal
S1335,English,Rukiga,This park has many animals,[Rukiga translation] Paaka egi erimu enyamaiswa mingi,Tourism,5,High,Eastern,Formal
S1336,English,Lusoga,Good morning,[Lusoga translation] Wasuze otya,Daily Conversation,2,High,Western,Formal
S1337,English,Runyankole,We are going home,[Runyankole translation] Turiyo Nitutaha omuka,Health,4,High,Central,Formal
S1338,English,Rukiga,The patient needs medicine,[Rukiga translation] Omurwaire nayetenga embazi,Health,4,High,Northern,Formal
S1339,English,Acholi,Thank you,[Acholi translation] Apwoya wun weng,Agriculture,2,High,Central,Formal
S1340,English,Rukiga,The market is busy today,[Rukiga translation] Akatare kijwire erizoba,Business,5,High,West Nile,Formal
S1341,English,Acholi,The patient needs medicine,[Acholi translation] Latwo ni mito yat,Health,4,High,Northern,Informal
####,English,Runyankole,Thank you,[Runyankole translation] Twakushemererwa,Health,2,High,Eastern,Formal
S1343,English,Rukiga,Wash your hands,[Rukiga translation] Naaba engaro zaawe,Health,3,High,Central,Formal
S1344,English,Rukiga,Open the door,[Rukiga translation] Yaigura orwigi,Agriculture,3,High,Central,Informal
S1345,English,Luganda,The patient needs medicine,[Luganda translation] Omulwadde yeetaaga eddagala,Health,4,High,Eastern,Formal
S1346,English,Acholi,Welcome,[Acholi translation] Wa joli,Health,1,High,West Nile,Formal
S1347,English,Ateso,Open the door,[Ateso translation] Buka ebwogo.,Agriculture,3,High,Eastern,Informal
S1348,English,Acholi,The patient needs medicine,[Acholi translation] Latwo ni mito yat,Health,4,High,Central,Formal
S1349,English,Luganda,The market is busy today,[Luganda translation] Akatale kaliimu abantu bangi leero,Business,5,High,Eastern,Formal
S1350,English,Lusoga,Open the door,[Lusoga translation] Igulawo olwigi,Business,3,High,Eastern,Formal
S1351,English,Lusoga,The crops are ready,[Lusoga translation] Ebisimbe byatuuka,Agriculture,4,High,Western,Informal
S1352,English,Rukiga,School begins tomorrow,[[Rukiga translation] Eishomero niritandika nyencakare,Education,3,High,Northern,Informal
S1353,English,Lugbara,The road is bad,[Lugbara translation] Njila unji,Education,4,High,Western,Informal
S1354,English,Lugbara,Thank you,[Lugbara translation] Awodifo,Education,2,High,West Nile,Informal
S1355,English,Ateso,Open the door,[Ateso translation] Buka ebwogo.,Health,3,High,Northern,Informal
S1356,English,Runyankole,Wash your hands,[Runyankole translation] Naba engaro zaawe,Health,3,High,West Nile,Formal
S1357,English,Ateso,We are going home,[Ateso translation] Alototo oire,Daily Conversation,4,High,Eastern,Formal
S1358,English,Luganda,Welcome,[Luganda translation] Tukwaniriza,Daily Conversation,1,High,Eastern,Informal
S1359,English,Luganda,Wash your hands,[Luganda translation] Naaba emikono gyo,Health,3,High,West Nile,Formal
S1360,English,Luganda,Good morning,[Luganda translation] Wasuze otya,Business,2,High,Central,Informal
S1361,English,Acholi,We are going home,[Acholi translation] Watye ka dok gang,Health,4,High,Central,Formal
S1362,English,Ateso,This park has many animals,[Ateso translation] Epu eitur awujo,Tourism,5,High,Central,Formal
S1363,English,Lugbara,The patient needs medicine,[Lugbara translation] Ba azoruri le aro,Health,4,High,Northern,Informal
S1364,English,Runyankole,Good morning,[Runyankole translation] Oreiregye ,Health,2,High,Western,Informal
S1365,English,Lusoga,The market is busy today,[Lusoga translation] Akatale kalimu abantu kamala olwalelo,Business,5,High,Eastern,Informal
S1366,English,Runyankole,School begins tomorrow,[Runyankole translation] Eishomero niritandika nyencakare,Education,3,High,Eastern,Informal
S1367,English,Luganda,We are going home,[Luganda translation] Tugenda waka,Health,4,High,Western,Formal
S1368,English,Runyankole,The road is bad,[Runyankole translation] Oruguto nirubi,Government,4,High,West Nile,Formal
S1369,English,Lugbara,The patient needs medicine,[Lugbara translation] Ba azoruri le aro,Health,4,High,West Nile,Formal
S1370,English,Luganda,Wash your hands,[Luganda translation] Naaba emikono gyo,Health,3,High,Northern,Formal
S1371,English,Acholi,Wash your hands,[Acholi translation] Lwok cingi,Health,3,High,Eastern,Informal
S1372,English,Runyankole,Welcome,[Runyankole translation] Twakushemererwa,Agriculture,1,High,West Nile,Informal
S1373,English,Acholi,We are going home,[Acholi translation] Watye ka dok gang,Government,4,High,Central,Formal
S1374,English,Rukiga,Wash your hands,[Rukiga translation] Naaba engaro zaawe,Health,3,High,West Nile,Informal
S1375,English,Luganda,School begins tomorrow,[Luganda translation] Essomero litandika enkya,Education,3,High,West Nile,Informal
S1376,English,Lusoga,Wash your hands,[Lusoga translation] Naaba engalo dho,Health,3,High,Central,Informal
S1377,English,Lugbara,The road is bad,[Lugbara translation] Njila unji,Government,4,High,West Nile,Formal
S1378,English,Lusoga,Thank you,[Lusoga translation] Webale,Government,2,High,Central,Informal
S1379,English,Luganda,The road is bad,[Luganda translation] Ekkubo libi,Government,4,High,Northern,Informal
S1380,English,Ateso,Thank you,[Ateso translation] Eyalama noi.,Education,2,High,Northern,Formal
S1381,English,Ateso,This park has many animals,[Ateso translation] Epu eitur awujo,Tourism,5,High,Northern,Informal
S1382,English,Rukiga,The patient needs medicine,[Rukiga translation] Omurwaire nayetenga embazi,Health,4,High,West Nile,Formal
S1383,English,Ateso,The road is bad,[Ateso translation] Ebarabara ekeda aiboroit.,Education,4,High,Central,Informal
S1384,English,Lusoga,The market is busy today,[Lusoga translation] Akatale kalimu abantu kamala olwalelo,Business,5,High,Central,Formal
S1385,English,Runyankole,Good morning,[Runyankole translation] Oreiregye ,Business,2,High,Northern,Informal
S1386,English,Lusoga,Good morning,[Lusoga translation] Wasuze otya,Health,2,High,Eastern,Informal
S1387,English,Ateso,We are going home,[Ateso translation] Alototo oire,Daily Conversation,4,High,Eastern,Informal
S1388,English,Ateso,The market is busy today,[Ateso translation] Ipu etunya osokoni,Business,5,High,Western,Formal
S1389,English,Lugbara,Good morning,[Lugbara translation] Mi afu ngoni,Agriculture,2,High,Northern,Informal
S1390,English,Ateso,The patient needs medicine,[Ateso translation] Ekotosi adeka ekia,Health,4,High,Western,Formal
S1391,English,Runyankole,The crops are ready,[Runyankole translation] Ebihingwa byahaire,Agriculture,4,High,Eastern,Formal
S1392,English,Lugbara,The patient needs medicine,[Lugbara translation] Ba azoruri le aro,Health,4,High,Western,Formal
S1393,English,Runyankole,Thank you,[Runyankole translation] Webale,Health,2,High,Eastern,Formal
S1394,English,Runyankole,Wash your hands,[Runyankole translation] Naba engaro zaawe,Health,3,High,Northern,Informal
S1395,English,Runyankole,The market is busy today,[Runyankole translation] Akatare kali busy,Business,5,High,Western,Informal
S1396,English,Lugbara,The market is busy today,[Lugbara translation] Su fi andu,Business,5,High,West Nile,Informal
S1397,English,Runyankole,This park has many animals,[Runyankole translation] Ekishaka kyiine ebinyamaiswa nyingi,Tourism,5,High,Northern,Informal
S1398,English,Lusoga,Thank you,[Lusoga translation] Webale,Government,2,High,West Nile,Informal
S1399,English,Rukiga,Good morning,[Rukiga translation] Bwashesha gye,Government,2,High,Northern,Formal
S1400,English,Acholi,Wash your hands,[Acholi translation] Lwok cingi,Health,3,High,Eastern,Informal
S1401,English,Lugbara,The crops are ready,[Lugbara translation] Nyaka afukibo,Agriculture,4,High,Western,Formal
S1402,English,Lusoga,This park has many animals,[Lusoga translation] Paaka eno elina ensolo kamaala,Tourism,5,High,Central,Informal
S1403,English,Rukiga,This park has many animals,[Rukiga translation] Paaka egi erimu enyamaiswa mingi,Tourism,5,High,West Nile,Informal
S1404,English,Runyankole,Open the door,[Runyankole translation] Yigura orwigyi,Agriculture,3,High,Eastern,Informal
S1405,English,Lugbara,We are going home,[Lugbara translation] Ama mu akuwa,Daily Conversation,4,High,Central,Formal
S1406,English,Lugbara,We are going home,[Lugbara translation] Ama mu akuwa,Education,4,High,Northern,Informal
S1407,English,Lusoga,Good morning,[Lusoga translation] Wasuze otya,Health,2,High,West Nile,Informal
S1408,English,Ateso,We are going home,[Ateso translation] Alototo oire,Daily Conversation,4,High,Eastern,Informal
S1409,English,Ateso,The market is busy today,[Ateso translation] Ipu etunya osokoni,Business,5,High,Eastern,Informal
S1410,English,Lusoga,The crops are ready,[Lusoga translation] Ebisimbe byatuuka,Agriculture,4,High,Eastern,Informal
S1411,English,Ateso,Good morning,[Ateso translation] Ber otingela.,Government,2,High,Western,Formal
S1412,English,Acholi,The market is busy today,[Acholi translation] Cuk tye ka tic matek tin,Business,5,High,Eastern,Informal
S1413,English,Runyankole,The road is bad,[Runyankole translation] Oruguto nirubi,Daily Conversation,4,High,Western,Formal
S1414,English,Luganda,The crops are ready,[Luganda translation] Ebirime bikuze,Agriculture,4,High,Eastern,Informal
S1415,English,Ateso,The patient needs medicine,[Ateso translation] Ekotosi adeka ekia,Health,4,High,West Nile,Formal
S1416,English,Lusoga,School begins tomorrow,[Lusoga translation] Eisomero litandika idho,Education,3,High,Northern,Formal
S1417,English,Acholi,Wash your hands,[Acholi translation] Lwok cingi,Health,3,High,West Nile,Informal
S1418,English,Acholi,The road is bad,[Acholi translation] Gudu ni rac,Health,4,High,Western,Formal
S1419,English,Acholi,School begins tomorrow,[Acholi translation] Gang Kwan obi cake diki,Education,3,High,West Nile,Informal
S1420,English,Rukiga,The road is bad,[Rukiga translation] Oruguuto nirubi,Daily Conversation,4,High,Eastern,Informal
S1421,English,Runyankole,The crops are ready,[Runyankole translation] Ebihingwa byahaire,Agriculture,4,High,Central,Informal
S1422,English,Ateso,Thank you,[Ateso translation] Eyalama noi.,Education,2,High,Eastern,Informal
S1423,English,Runyankole,Thank you,[Runyankole translation] Webale,Health,2,High,Central,Informal
S1424,English,Luganda,The crops are ready,[Luganda translation] Ebirime bikuze,Agriculture,4,High,Eastern,Informal
S1425,English,Lugbara,The patient needs medicine,[Lugbara translation] Ba azoruri le aro,Health,4,High,West Nile,Informal
S1426,English,Runyankole,The road is bad,[Runyankole translation] Oruguto nirubi,Government,4,High,Central,Informal
S1427,English,Runyankole,Thank you,[Runyankole translation] Twakushemererwa,Tourism,2,High,West Nile,Formal
S1428,English,Lugbara,The crops are ready,[Lugbara translation] Nyaka afukibo,Agriculture,4,High,Northern,Formal
S1429,English,Runyankole,Wash your hands,[Runyankole translation] Naba engaro zaawe,Health,3,High,West Nile,Formal
S1430,English,Runyankole,The crops are ready,[Runyankole translation] Ebihingwa byahaire,Agriculture,4,High,West Nile,Informal
S1431,English,Ateso,Wash your hands,[Ateso translation] Elota akani,Health,3,High,Central,Informal
S1432,English,Runyankole,The crops are ready,[Runyankole translation] Ebihingwa byahaire,Agriculture,4,High,Eastern,Informal
S1433,English,Lugbara,Wash your hands,[Lugbara translation] Mi uji midriki,Health,3,High,West Nile,Informal
S1434,English,Lusoga,Good morning,[Lusoga translation] Wasuze otya,Agriculture,2,High,Eastern,Informal
S0001,English,Luganda,The road is bad,[Luganda translation] Ekkubo libi,Agriculture,4,High,Eastern,Formal
S1436,English,Lusoga,Open the door,[Lusoga translation] Igulawo olwigi,Education,3,High,West Nile,Formal
S1437,English,Runyankole,Wash your hands,[Runyankole translation] Naba engaro,Health,3,High,Western,Formal
S1438,English,Luganda,Open the door,[Luganda translation] Ggulawo oluggi,Business,3,High,Northern,Formal
S1439,English,Lusoga,We are going home,[Lusoga translation] Tuli kugya waka,Agriculture,4,High,West Nile,Informal
S1440,English,Acholi,We are going home,[Acholi translation] Watye ka dok gang,Government,4,High,Northern,Formal
S1441,English,Lusoga,The market is busy today,[Lusoga translation] Akatale kalimu abantu kamala olwalelo,Business,5,High,West Nile,Formal
S1442,English,Luganda,This park has many animals,[Luganda translation] Paaka eno erimu ensolo nyingi,Tourism,5,High,West Nile,Formal
S1443,English,Rukiga,The market is busy today,[Rukiga translation] Akatare kijwire erizoba,Business,5,High,Eastern,Informal
S1444,English,Ateso,The patient needs medicine,[Ateso translation] Ekotosi adeka ekia,Health,4,High,Central,Formal
S1445,English,Ateso,Good morning,[Ateso translation] Ber otingela.,Government,2,High,Western,Informal
S1446,English,Runyankole,This park has many animals,[Runyankole translation] Ekishaka kyiine ebinyamaiswa nyingi,Tourism,5,High,Central,Informal
S1447,English,Ateso,Good morning,[Ateso translation] Ber otingela.,Business,2,High,Northern,Informal
S1448,English,Lugbara,The patient needs medicine,[Lugbara translation] Ba azoruri le aro,Health,4,High,Northern,Informal
S1449,English,Ateso,The patient needs medicine,[Ateso translation] Ekotosi adeka ekia,Health,4,High,Western,Informal
S1450,English,Rukiga,This park has many animals,[Rukiga translation] Paaka egi erimu enyamaiswa mingi,Tourism,5,High,West Nile,Informal
S1451,English,Lusoga,The market is busy today,[Lusoga translation] Akatale kalimu abantu kamala olwalelo,Business,5,High,Central,Formal
S1452,English,Luganda,Thank you,[Luganda translation] Webale,Government,2,High,West Nile,Informal
S1453,English,Runyankole,The market is busy today,[Runyankole translation] Akatare kali busy,Business,5,High,Northern,Informal
S1454,English,Lugbara,Thank you,[Lugbara translation] Awodifo,Education,2,High,Northern,Formal
S1455,English,Lusoga,Good morning,[Lusoga translation] Wasuze otya,Education,2,High,Northern,Formal
S1456,English,Lugbara,The road is bad,[Lugbara translation] Njila unji,Education,4,High,Central,Informal
S1457,English,Rukiga,The market is busy today,[Rukiga translation] Akatare kijwire erizoba,Business,5,High,Eastern,Formal
S1458,English,Lugbara,The road is bad,[Lugbara translation] Njila unji,Tourism,4,High,Northern,Formal
S1459,English,Luganda,Wash your hands,[Luganda translation] Naaba emikono gyo,Health,3,High,West Nile,Informal
S1460,English,Lugbara,We are going home,[Lugbara translation] Ama mu akuwa,Tourism,unknown,High,Central,Formal
S1461,English,Rukiga,We are going home,[[Rukiga translation] Turiyo nituza omuka,Agriculture,4,High,Northern,Formal
S1462,English,Runyankole,Thank you,[Runyankole translation] Webale,Education,2,High,Eastern,Formal
S1463,English,Luganda,The market is busy today,[Luganda translation] Akatale kaliimu abantu bangi leero,Business,5,High,Central,Formal
S1464,English,Lusoga,Open the door,[Lusoga translation] Igulawo olwigi,Health,3,High,Eastern,Formal
S1465,English,Luganda,Wash your hands,[Luganda translation] Naaba emikono gyo,Health,3,High,Western,Formal
S1466,English,Luganda,Thank you,[Luganda translation] Webale,Business,2,High,Eastern,Formal
S1467,English,Ateso,This park has many animals,[Ateso translation] Epu eitur awujo,Tourism,5,High,Central,Formal
S1468,English,Acholi,We are going home,[Acholi translation] Watye ka dok gang,Government,4,High,Central,Formal
S1469,English,Runyankole,The market is busy today,[Runyankole translation] Akatare kali busy,Business,5,High,Central,Informal
S1470,English,Lusoga,The market is busy today,[Lusoga translation] Akatale kalimu abantu kamala olwalelo,Business,5,High,Northern,Informal
S1471,English,Runyankole,School begins tomorrow,[Runyankole translation] Eishomero niritandika nyencakare,Education,3,High,Western,Formal
S1472,English,Lusoga,Wash your hands,[Lusoga translation] Naaba engalo dho,Health,3,High,Central,Informal
S1473,English,Lusoga,This park has many animals,[Lusoga translation] Paaka eno elina ensolo kamaala,Tourism,5,High,West Nile,Informal
S1474,English,Ateso,The road is bad,[Ateso translation] Ebarabara ekeda aiboroit.,Health,4,High,Eastern,Informal
S1475,English,Lugbara,We are going home,[Lugbara translation] Ama mu akuwa,Health,4,High,Eastern,Informal
S1476,English,Lugbara,Wash your hands,[Lugbara translation] Mi uji midriki,Health,3,High,Central,Informal
S1477,English,Runyankole,This park has many animals,[Runyankole translation] Ekishaka kyiine ebinyamaiswa nyingi,Tourism,5,High,Western,Formal
S1478,English,Lugbara,The patient needs medicine,[Lugbara translation] Ba azoruri le aro,Health,4,High,Western,Formal
S1479,English,Rukiga,Welcome,[Rukiga translation] Twakwakiira,Agriculture,1,High,West Nile,Formal
S1480,English,Lugbara,This park has many animals,[Lugbara translation] Jeredigada anakpaki minji,Tourism,5,High,Northern,Formal
S1481,English,Ateso,This park has many animals,[Ateso translation] Epu eitur awujo,Tourism,5,High,Eastern,Formal
S1482,English,Lugbara,The road is bad,[Lugbara translation] Njila unji,Government,4,High,Northern,Informal
S1483,English,Luganda,Thank you,[Luganda translation] Webale,Daily Conversation,2,High,Eastern,Informal
S1484,English,Lusoga,Good morning,[Lusoga translation] Wasuze otya,Government,2,High,West Nile,Formal
S1485,English,Acholi,The market is busy today,[Acholi translation] Cuk tye ka tic matek tin,Business,5,High,West Nile,Informal
S1486,English,Lugbara,The market is busy today,[Lugbara translation] Su fi andu,Business,5,High,West Nile,Informal
S1487,English,Lusoga,The patient needs medicine,[Lusoga translation] Omulwaire yetaaga obulezi,Health,4,High,Western,Informal
S1488,English,Acholi,Wash your hands,[Acholi translation] Lwok cingi,Health,3,High,West Nile,Formal
S1489,English,Lusoga,Wash your hands,[Lusoga translation] Naaba engalo dho,Health,3,High,West Nile,Informal
S1490,English,Lugbara,Thank you,[Lugbara translation] Awodifo,Agriculture,2,High,Eastern,Informal
S1491,English,Ateso,Good morning,[Ateso translation] Ber otingela.,Government,2,High,West Nile,Formal
S1492,English,Ateso,Thank you,[Ateso translation] Eyalama noi.,Education,2,High,Central,Formal
S1493,English,Lusoga,The patient needs medicine,[Lusoga translation] Omulwaire yetaaga obulezi,Health,4,High,Eastern,Informal
S1494,English,Lusoga,This park has many animals,[Lusoga translation] Paaka eno elina ensolo kamaala,Tourism,5,High,West Nile,Formal
S1495,English,Acholi,This park has many animals,[Acholi translation] Kabedo pa lee ni tye ki lee mapol,Tourism,5,High,Eastern,Informal
S1496,English,Runyankole,The road is bad,[Runyankole translation] Oruguto nirubi,Daily Conversation,4,High,Northern,Informal
S1497,English,Runyankole,School begins tomorrow,[Runyankole translation] Eishomero niritandika nyencakare,Education,3,High,Northern,Formal
S1498,English,Runyankole,This park has many animals,[Runyankole translation] Ekishaka kyiine ebinyamaiswa nyingi,Tourism,5,High,Northern,Formal
S1499,English,Lusoga,This park has many animals,[Lusoga translation] Paaka eno elina ensolo kamaala,Tourism,5,High,Northern,Formal
S1500,English,Acholi,Welcome,[Acholi translation] Wa joli,Business,1,High,Central,Formal
S1501,English,Lusoga,The road is bad,[Lusoga translation] Oluguudo lubi,Daily Conversation,4,High,West Nile,Informal
S1502,English,Rukiga,Welcome,[Rukiga translation] Twakwakiira,Business,1,High,West Nile,Informal
S1503,English,Lusoga,Open the door,[Lusoga translation] Igulawo olwigi,Business,3,High,West Nile,Formal
S1504,English,Runyankole,We are going home,[Runyankole translation] Turiyo nitutaha omuka,Health,4,High,Northern,Informal
S1505,English,Ateso,This park has many animals,[Ateso translation] Epu eitur awujo,Tourism,5,High,Northern,Formal
S1506,English,Ateso,Thank you,[Ateso translation] Eyalama noi.,Daily Conversation,2,High,Central,Informal
S1507,English,Luganda,Wash your hands,[Luganda translation] Naaba emikono gyo,Health,3,High,Northern,Formal
S1508,English,Lugbara,We are going home,[Lugbara translation] Ama mu akuwa,Education,4,High,Eastern,Formal
S1509,English,Lusoga,The patient needs medicine,[Lusoga translation] Omulwaire yetaaga obulezi,Health,4,High,Eastern,Informal
S1510,English,Acholi,Good morning,[Acholi translation] Wu coo Maber,Agriculture,2,High,Central,Formal
S1511,English,Runyankole,The road is bad,[Runyankole translation] Oruguto nirubi,Government,4,High,Western,Informal
S1512,English,Lusoga,The market is busy today,[Lusoga translation] Akatale kalimu abantu kamala olwalelo,Business,5,High,West Nile,Informal
S1513,English,Runyankole,The patient needs medicine,[Runyankole translation] Omurwire nayenda omubazi,Health,4,High,Northern,Formal
S1514,English,Ateso,Good morning,[Ateso translation] Ber otingela.,Agriculture,2,High,Central,Informal
S1515,English,Acholi,The road is bad,[Acholi translation] Gudu ni rac,Education,4,High,West Nile,Formal
S1516,English,Runyankole,Thank you,[Runyankole translation] Webale,Government,2,High,Western,Formal
S1517,English,Luganda,This park has many animals,[Luganda translation] Paaka eno erimu ensolo nyingi,Tourism,5,High,Eastern,Informal
S1518,English,Acholi,We are going home,[Acholi translation] Watye ka dok gang,Daily Conversation,4,High,Northern,Formal
S1519,English,Rukiga,Good morning,[Rukiga translation] Bwashesha gye,Government,2,High,Northern,Formal
S1520,English,Acholi,The patient needs medicine,[Acholi translation] Latwo ni mito yat,Health,4,High,Central,Informal
S1521,English,Acholi,Welcome,[Acholi translation] Wa joli,Business,1,High,West Nile,Formal
S1522,English,Acholi,Welcome,[Acholi translation] Wa joli,Business,1,High,Central,Formal
S1523,English,Rukiga,We are going home,[[Rukiga translation] Turiyo nituza omuka,Daily Conversation,4,High,Western,Informal
S1524,English,Ateso,The crops are ready,[Ateso translation] Ebaret ekeda aiyare.,Agriculture,4,High,Central,Formal
S1525,English,Rukiga,School begins tomorrow,[[Rukiga translation] Eishomero niritandika nyencakare,Education,3,High,Eastern,Informal
S1526,English,Ateso,Open the door,[Ateso translation] Buka ebwogo.,Business,3,High,West Nile,Informal
S1527,English,Lugbara,The market is busy today,[Lugbara translation] Su fi andu,Business,5,High,Eastern,Informal
S1528,English,Runyankole,We are going home,[Runyankole translation] Turiyo nitutaha omuka,Education,4,High,Eastern,Informal
S1529,English,Lusoga,Thank you,[Lusoga translation] Webale,Business,2,High,Central,Formal
S1530,English,Luganda,This park has many animals,[Luganda translation] Paaka eno erimu ensolo nyingi,Tourism,5,High,Northern,Formal
S1531,English,Ateso,Good morning,[Ateso translation] Ber otingela.,Government,2,High,Eastern,Formal
S1532,English,Lugbara,Wash your hands,[Lugbara translation] Mi uji midriki,Health,3,High,West Nile,Formal
S1533,English,Lugbara,The road is bad,[Lugbara translation] Njila unji,Government,4,High,Eastern,Formal
S1534,English,Ateso,Open the door,[Ateso translation] Buka ebwogo.,Government,3,High,Central,Formal
S1535,English,Lusoga,The market is busy today,[Lusoga translation] Akatale kalimu abantu kamala olwalelo,Business,5,High,West Nile,Informal
S1536,English,Runyankole,Good morning,[Runyankole translation] Oreire ota,Tourism,2,High,Western,Informal
S1537,English,Luganda,Wash your hands,[Luganda translation] Naaba emikono gyo,Health,3,High,Northern,Informal
S1538,English,Ateso,Open the door,[Ateso translation] Buka ebwogo.,Daily Conversation,3,High,Eastern,Formal
S1539,English,Runyankole,The road is bad,[Runyankole translation] Oruguto nirubi,Government,4,High,West Nile,Informal
S1540,English,Runyankole,We are going home,[Runyankole translation] Turiyo nitutaha omuka,Tourism,4,High,West Nile,Formal
S1541,English,Runyankole,Good morning,[Runyankole translation] Oreire ota,Tourism,2,High,Western,Informal
S1542,English,Ateso,The road is bad,[Ateso translation] Ebarabara ekeda aiboroit.,Health,4,High,Western,Formal
S1543,English,Runyankole,The patient needs medicine,[Runyankole translation] Omurwire nayenda omubazi,Health,4,High,Northern,Formal
S1544,English,Ateso,Welcome,[Ateso translation] Ijalama anyin,Government,1,High,West Nile,Formal
S1545,English,Rukiga,This park has many animals,[Rukiga translation] Paaka egi erimu enyamaiswa mingi,Tourism,5,High,West Nile,Informal
S1546,English,Acholi,The road is bad,[Acholi translation] Gudu ni rac,Health,4,High,Northern,Informal
S1547,English,Luganda,Open the door,[Luganda translation] Ggulawo oluggi,Tourism,3,High,Western,Informal
S1548,English,Runyankole,Welcome,[Runyankole translation] Twakushemererwa,Tourism,1,High,West Nile,Formal
S1549,English,Acholi,We are going home,[Acholi translation] Watye ka dok gang,Daily Conversation,4,High,Eastern,Formal
S1550,English,Lusoga,The market is busy today,[Lusoga translation] Akatale kalimu abantu kamala olwalelo,Business,5,High,Central,Formal
S1551,English,Lugbara,The market is busy today,[Lugbara translation] Su fi andu,Business,5,High,Eastern,Informal
S1552,English,Acholi,Open the door,[Acholi translation] Yab doggola,Daily Conversation,3,High,Eastern,Formal
S1553,English,Luganda,The crops are ready,[Luganda translation] Ebirime bikuze,Agriculture,4,High,Central,Formal
S1554,English,Ateso,Welcome,[Ateso translation] Ijalama anyin,Health,1,High,Western,Formal
S1555,English,Lugbara,This park has many animals,[Lugbara translation] Jeredigada anakpaki minji,Tourism,5,High,Northern,Formal
S1556,English,Ateso,Wash your hands,[Ateso translation] Elota akani,Health,3,High,Eastern,Formal
S1557,English,Lugbara,Good morning,[Lugbara translation] Mi afu ngoni,Daily Conversation,2,High,Northern,Formal
S1558,English,Ateso,The market is busy today,[Ateso translation] Ipu etunya osokoni,Business,5,High,Eastern,Informal
S1559,English,Luganda,The patient needs medicine,[Luganda translation] Omulwadde yeetaaga eddagala,Health,4,High,Western,Formal
S1560,English,Lusoga,The road is bad,[Lusoga translation] Oluguudo lubi,Business,4,High,Eastern,Formal
S1561,English,Rukiga,This park has many animals,[Rukiga translation] Paaka egi erimu enyamaiswa mingi,Tourism,5,High,Northern,Informal
S1562,English,Luganda,This park has many animals,[Luganda translation] Paaka eno erimu ensolo nyingi,Tourism,5,High,Eastern,Formal
S1563,English,Rukiga,The patient needs medicine,[Rukiga translation] Omurwaire nayetenga embazi,Health,4,High,Western,Formal
S1564,English,Lusoga,Wash your hands,[Lusoga translation] Naaba engalo dho,Health,3,High,West Nile,Formal
S1565,English,Lusoga,Wash your hands,[Lusoga translation] Naaba engalo dho,Health,3,High,Central,Informal
S1566,English,Ateso,We are going home,[Ateso translation] Alototo oire,Daily Conversation,4,High,Central,Informal
S1567,English,Lusoga,The market is busy today,[Lusoga translation] Akatale kalimu abantu kamala olwalelo,Business,5,High,West Nile,Formal
S1568,English,Lugbara,The crops are ready,[Lugbara translation] Nyaka afukibo,Agriculture,4,High,Western,Informal
S1569,English,Runyankole,This park has many animals,[Runyankole translation] Ekishaka kyiine ebinyamaiswa nyingi,Tourism,5,High,Eastern,Formal
S1570,English,Luganda,The crops are ready,[Luganda translation] Ebirime bikuze,Agriculture,4,High,Central,Formal
S1571,English,Acholi,The road is bad,[Acholi translation] Gudu ni rac,Government,4,High,Eastern,Formal
S1572,English,Acholi,The market is busy today,[Acholi translation] Cuk tye ka tic matek tin,Business,5,High,Eastern,Formal
S1573,English,Rukiga,Open the door,[Rukiga translation] Yaigura orwigi,Health,3,High,West Nile,Informal
S1574,English,Acholi,Good morning,[Acholi translation] Wu coo Maber,Government,2,High,Central,Informal
S1575,English,Lusoga,The crops are ready,[Lusoga translation] Ebisimbe byatuuka,Agriculture,4,High,West Nile,Formal
S1576,English,Lugbara,The patient needs medicine,[Lugbara translation] Ba azoruri le aro,Health,4,High,West Nile,Informal
S1577,English,Acholi,Thank you,[Acholi translation] Apwoya wun weng,Health,2,High,Eastern,Informal
S1578,English,Runyankole,School begins tomorrow,[Runyankole translation] Eishomero niritandika nyencakare,Education,3,High,Eastern,Formal
S1579,English,Lugbara,School begins tomorrow,[Lugbara translation] Sukulu la ido dusi,Education,3,High,Central,Informal
S1580,English,Luganda,Wash your hands,[Luganda translation] Naaba emikono gyo,Health,3,High,West Nile,Informal
S1581,English,Acholi,The crops are ready,[Acholi translation] Jami ma ki pito dong tye atera,Agriculture,4,High,Central,Informal
S1582,English,Runyankole,Thank you,[Runyankole translation] Webale,Tourism,2,High,West Nile,Informal
S1583,English,Ateso,The market is busy today,[Ateso translation] Ipu etunya osokoni,Business,5,High,Northern,Formal
S1584,English,Rukiga,Good morning,[Rukiga translation] Bwashesha gye,Health,2,High,Western,Informal
S1585,English,Lugbara,Thank you,[Lugbara translation] Awodifo,Education,2,High,Northern,Formal
S1586,English,Runyankole,The road is bad,[Runyankole translation] Oruguto nirubi,Business,4,High,Central,Formal
S1587,English,Rukiga,The market is busy today,[Rukiga translation] Akatare kijwire erizoba,Business,5,High,Eastern,Informal
S1588,English,Acholi,The crops are ready,[Acholi translation] Jami ma ki pito dong tye atera,Agriculture,4,High,Western,Formal
S1589,English,Lugbara,Wash your hands,[Lugbara translation] Mi uji midriki,Health,3,High,Central,Formal
S1590,English,Acholi,The road is bad,[Acholi translation] Gudu ni rac,Tourism,4,High,Central,Informal
S1591,English,Lusoga,The market is busy today,[Lusoga translation] Akatale kalimu abantu kamala olwalelo,Business,5,High,Western,Informal
S1592,English,Lusoga,The market is busy today,[Lusoga translation] Akatale kalimu abantu kamala olwalelo,Business,5,High,Western,Formal
S1593,English,Ateso,Open the door,[Ateso translation] Buka ebwogo.,Tourism,3,High,Western,Informal
S1594,English,Lusoga,Good morning,[Lusoga translation] Wasuze otya,Agriculture,2,High,Northern,Formal
S1595,English,Lugbara,The market is busy today,[Lugbara translation] Su fi andu,Business,5,High,Central,Informal
S1596,English,Acholi,The crops are ready,[Acholi translation] Jami ma ki pito dong tye atera,Agriculture,4,High,Central,Informal
S1597,English,Lugbara,Thank you,[Lugbara translation] Awodifo,Health,2,High,Western,Formal
S1598,English,Acholi,We are going home,[Acholi translation] Watye ka dok gang,Government,4,High,Western,Informal
S1599,English,Lusoga,School begins tomorrow,[Lusoga translation] Eisomero litandika idho,Education,3,High,Northern,Formal
S1600,English,Runyankole,Wash your hands,[Runyankole translation] Naba engaro,Health,3,High,Central,Formal
S1601,English,Rukiga,The patient needs medicine,[Rukiga translation] Omurwaire nayetenga embazi,Health,4,High,Northern,Formal
S1602,English,Ateso,The crops are ready,[Ateso translation] Ebaret ekeda aiyare.,Agriculture,4,High,Eastern,Formal
S1603,English,Lusoga,School begins tomorrow,[Lusoga translation] Eisomero litandika idho,Education,3,High,Northern,Informal
S1604,English,Ateso,This park has many animals,[Ateso translation] Epu eitur awujo,Tourism,5,High,West Nile,Informal
S1605,English,Rukiga,This park has many animals,[Rukiga translation] Paaka egi erimu enyamaiswa mingi,Tourism,5,High,Western,Formal
S1606,English,Lugbara,We are going home,[Lugbara translation] Ama mu akuwa,Government,4,High,Western,Formal
S1607,English,Acholi,School begins tomorrow,[Acholi translation] Gang Kwan obi cake diki,Education,3,High,Central,Formal
S1608,English,Acholi,Good morning,[Acholi translation] Wu coo Maber,Daily Conversation,2,High,Western,Informal
S1609,English,Lugbara,School begins tomorrow,[Lugbara translation] Sukulu la ido dusi,Education,3,High,West Nile,Informal
S1610,English,Runyankole,We are going home,[Runyankole translation] Turiyo nitutaha omuka,Education,4,High,Northern,Informal
S1611,English,Lugbara,Wash your hands,[Lugbara translation] Mi uji midriki,Health,3,High,West Nile,Informal
S1612,English,Runyankole,Thank you,[Runyankole translation] Webale,Education,2,High,Central,Informal
S1613,English,Luganda,We are going home,[Luganda translation] Tugenda waka,Health,4,High,West Nile,Informal
S1614,English,Acholi,Good morning,[Acholi translation] Wu coo Maber,Agriculture,2,High,Central,Formal
S1615,English,Lugbara,The crops are ready,[Lugbara translation] Nyaka afukibo,Agriculture,4,High,Eastern,Formal
S1616,English,Luganda,We are going home,[Luganda translation] Tugenda waka,Education,4,High,West Nile,Informal
S1617,English,Rukiga,The patient needs medicine,[Rukiga translation] Omurwaire nayetenga embazi,Health,4,High,Western,Formal
S1618,English,Acholi,The road is bad,[Acholi translation] Gudu ni rac,Government,4,High,Western,Formal
S1619,English,Runyankole,The market is busy today,[Runyankole translation] Akatare kali busy,Business,5,High,Northern,Formal
S1620,English,Acholi,Thank you,[Acholi translation] Apwoya wun weng,Business,2,High,Eastern,Informal
S1621,English,Ateso,Wash your hands,[Ateso translation] Elota akani,Health,3,High,Central,Formal
S1622,English,Ateso,Welcome,[Ateso translation] Ijalama anyin,Business,1,High,Northern,Formal
S1623,English,Ateso,This park has many animals,[Ateso translation] Epu eitur awujo,Tourism,5,High,West Nile,Formal
S1624,English,Runyankole,This park has many animals,[Runyankole translation] Ekishaka kyiine ebinyamaiswa nyingi,Tourism,5,High,West Nile,Formal
S1625,English,Rukiga,This park has many animals,[Rukiga translation] Paaka egi erimu enyamaiswa mingi,Tourism,5,High,Eastern,Informal
S1626,English,Runyankole,Thank you,[Runyankole translation] Webale,Daily Conversation,2,High,Northern,Formal
S1627,English,Lugbara,School begins tomorrow,[Lugbara translation] Sukulu la ido dusi,Education,3,High,Northern,Formal
S1628,English,Lusoga,We are going home,[Lusoga translation] Tuli kugya waka,Health,4,High,Northern,Formal
S1629,English,Lusoga,We are going home,[Lusoga translation] Tuli kugya waka,Business,4,High,Northern,Formal
S1630,English,Runyankole,Open the door,[Runyankole translation] Yigura orwigyi,Tourism,3,High,West Nile,Informal
S1631,English,Ateso,This park has many animals,[Ateso translation] Epu eitur awujo,Tourism,5,High,Northern,Formal
S1632,English,Lusoga,Thank you,[Lusoga translation] Webale,Daily Conversation,2,High,Eastern,Formal
S1633,English,Acholi,School begins tomorrow,[Acholi translation] Gang Kwan obi cake diki,Education,3,High,West Nile,Informal
S1634,English,Rukiga,Open the door,[Rukiga translation] Yaigura orwigi,Health,3,High,Western,Formal
S1635,English,Runyankole,School begins tomorrow,[Runyankole translation] Eishomero niritandika nyencakare,Education,3,High,Eastern,Formal
S1636,English,Acholi,We are going home,[Acholi translation] Watye ka dok gang,Education,4,High,West Nile,Formal
S1637,English,Luganda,Good morning,[Luganda translation] Wasuze otya,Health,2,High,Central,Formal
S1638,English,Ateso,Good morning,[Ateso translation] Ber otingela.,Business,2,High,Western,Informal
S1639,English,Runyankole,Open the door,[Runyankole translation] Yigura orwigyi,Daily Conversation,3,High,Western,Formal
S1640,English,Lugbara,The patient needs medicine,[Lugbara translation] Ba azoruri le aro,Health,4,High,West Nile,Informal
S1641,English,Lugbara,The patient needs medicine,[Lugbara translation] Ba azoruri le aro,Health,4,High,West Nile,Informal
S1642,English,Rukiga,School begins tomorrow,[[Rukiga translation] Eishomero niritandika nyencakare,Education,3,High,Central,Formal
S1643,English,Luganda,School begins tomorrow,[Luganda translation] Essomero litandika enkya,Education,3,High,West Nile,Informal
S1644,English,Lusoga,Open the door,[Lusoga translation] Igulawo olwigi,Daily Conversation,3,High,West Nile,Informal
S1645,English,Lusoga,The crops are ready,[Lusoga translation] Ebisimbe byatuuka,Agriculture,4,High,Central,Informal
S1646,English,Luganda,Open the door,[Luganda translation] Ggulawo oluggi,Tourism,3,High,Northern,Informal
S1647,English,Ateso,Wash your hands,[Ateso translation] Elota akani,Health,3,High,West Nile,Formal
S1648,English,Acholi,The market is busy today,[Acholi translation] Cuk tye ka tic matek tin,Business,5,High,Eastern,Formal
S1649,English,Rukiga,School begins tomorrow,[[Rukiga translation] Eishomero niritandika nyencakare,Education,3,High,Northern,Informal
S1650,English,Rukiga,The road is bad,[Rukiga translation] Oruguuto nirubi,Daily Conversation,4,High,Central,Formal
S1651,English,Ateso,Welcome,[Ateso translation] Ijalama anyin,Health,1,High,Northern,Informal
S1652,English,Acholi,Welcome,[Acholi translation] Wa joli,Agriculture,1,High,Eastern,Informal
S1653,English,Runyankole,Wash your hands,[Runyankole translation] Naba engaro,Health,3,High,West Nile,Informal
S1654,English,Lugbara,School begins tomorrow,[Lugbara translation] Sukulu la ido dusi,Education,3,High,Northern,Formal
S1655,English,Acholi,School begins tomorrow,[Acholi translation] Gang Kwan obi cake diki,Education,3,High,West Nile,Formal
S1656,English,Acholi,Open the door,[Acholi translation] Yab doggola,Education,3,High,Eastern,Informal
S1657,English,Ateso,School begins tomorrow,[Ateso translation] Egenu esomero emoi,Education,3,High,Central,Formal
S1658,English,Ateso,Good morning,[Ateso translation] Ber otingela.,Business,2,High,Northern,Informal
S1659,English,Ateso,The crops are ready,[Ateso translation] Ebaret ekeda aiyare.,Agriculture,4,High,Eastern,Formal
S1660,English,Lugbara,The market is busy today,[Lugbara translation] Su fi andu,Business,5,High,Eastern,Informal
S1661,English,Acholi,Welcome,[Acholi translation] Wa joli,Health,1,High,Eastern,Informal
S1662,English,Acholi,The patient needs medicine,[Acholi translation] Latwo ni mito yat,Health,4,High,Eastern,Formal
S1663,English,Luganda,Wash your hands,[Luganda translation] Naaba emikono gyo,Health,3,High,West Nile,Informal
S1664,English,Rukiga,School begins tomorrow,[[Rukiga translation] Eishomero niritandika nyencakare,Education,3,High,West Nile,Informal
S1665,English,Rukiga,Open the door,[Rukiga translation] Yaigura orwigi,Health,3,High,Central,Formal
S1666,English,Acholi,The road is bad,[Acholi translation] Gudu ni rac,Education,4,High,Central,Informal
S1667,English,Rukiga,The crops are ready,[[Rukiga translation] Ebihingwa byezire,Agriculture,4,High,Western,Formal
S1668,English,Lugbara,Wash your hands,[Lugbara translation] Mi uji midriki,Health,3,High,Eastern,Informal
S1669,English,Rukiga,This park has many animals,[Rukiga translation] Paaka egi erimu enyamaiswa mingi,Tourism,5,High,Western,Formal
S1670,English,Luganda,Thank you,[Luganda translation] Webale,Tourism,2,High,Central,Informal
S1671,English,Runyankole,Good morning,[Runyankole translation] Oreire ota,Education,2,High,Central,Informal
S1672,English,Acholi,This park has many animals,[Acholi translation] Kabedo pa lee ni tye ki lee mapol,Tourism,5,High,Central,Informal
S1673,English,Runyankole,Thank you,[Runyankole translation] Webale,Daily Conversation,2,High,West Nile,Informal
S1674,English,Lugbara,The patient needs medicine,[Lugbara translation] Ba azoruri le aro,Health,4,High,Northern,Informal
S1675,English,Lusoga,This park has many animals,[Lusoga translation] Paaka eno elina ensolo kamaala,Tourism,5,High,Northern,Formal
S1676,English,Luganda,School begins tomorrow,[Luganda translation] Essomero litandika enkya,Education,3,High,Western,Informal
S1677,English,Lugbara,Welcome,[Lugbara translation] Ma ai mira,Education,1,High,West Nile,Formal
S1678,English,Lugbara,Thank you,[Lugbara translation] Awodifo,Government,2,High,Central,Formal
S1679,English,Acholi,The patient needs medicine,[Acholi translation] Latwo ni mito yat,Health,4,High,Western,Informal
S1680,English,Lugbara,We are going home,[Lugbara translation] Ama mu akuwa,Government,4,High,West Nile,Informal
S1681,English,Ateso,The road is bad,[Ateso translation] Ebarabara ekeda aiboroit.,Tourism,4,High,West Nile,Informal
S1682,English,Luganda,The patient needs medicine,[Luganda translation] Omulwadde yeetaaga eddagala,Health,4,High,Northern,Informal
S1683,English,Ateso,Good morning,[Ateso translation] Ber otingela.,Education,2,High,Central,Formal
S1684,English,Rukiga,Thank you,[Rukiga translation] Webare,Agriculture,2,High,West Nile,Informal
S1685,English,Acholi,The patient needs medicine,[Acholi translation] Latwo ni mito yat,Health,4,High,Western,Formal
S1686,English,Lusoga,The road is bad,[Lusoga translation] Oluguudo lubi,Education,4,High,Eastern,Informal
S1687,English,Luganda,The market is busy today,[Luganda translation] Akatale kaliimu abantu bangi leero,Business,5,High,Central,Informal
S1688,English,Rukiga,The market is busy today,[Rukiga translation] Akatare kijwire erizoba,Business,5,High,Northern,Formal
S1689,English,Runyankole,We are going home,[Runyankole translation] Turiyo nitutaha omuka,Daily Conversation,4,High,Western,Informal
S1690,English,Lusoga,We are going home,[Lusoga translation] Tuli kugya waka,Education,4,High,Northern,Formal
S1691,English,Lusoga,Wash your hands,[Lusoga translation] Naaba engalo dho,Health,3,High,West Nile,Informal
S1692,English,Lusoga,Good morning,[Lusoga translation] Wasuze otya,Daily Conversation,2,High,Central,Informal
S1693,English,Acholi,Good morning,[Acholi translation] Wu coo Maber,Tourism,2,High,West Nile,Informal
S1694,English,Lusoga,We are going home,[Lusoga translation] Tuli kugya waka,Tourism,4,High,Central,Formal
S1695,English,Lusoga,Open the door,[Lusoga translation] Igulawo olwigi,Government,3,High,West Nile,Formal
S1696,English,Luganda,Open the door,[Luganda translation] Ggulawo oluggi,Agriculture,3,High,Central,Formal
S1697,English,Lugbara,We are going home,[Lugbara translation] Ama mu akuwa,Business,4,High,West Nile,Formal
S1698,English,Runyankole,School begins tomorrow,[Runyankole translation] Eishomero niritandika nyencakare,Education,3,High,West Nile,Formal
S1699,English,Luganda,Wash your hands,[Luganda translation] Naaba emikono gyo,Health,3,High,Central,Informal
S1700,English,Runyankole,The market is busy today,[Runyankole translation] Akatare kali busy,Business,5,High,West Nile,Informal
S1701,English,Runyankole,The patient needs medicine,[Runyankole translation] Omurwire nayenda omubazi,Health,4,High,Northern,Formal
S1702,English,Rukiga,Wash your hands,[Rukiga translation] Naaba engaro zaawe,Health,3,High,Eastern,Formal
S1703,English,Luganda,The road is bad,[Luganda translation] Ekkubo libi,Education,4,High,Central,Informal
S1704,English,Lusoga,This park has many animals,[Lusoga translation] Paaka eno elina ensolo kamaala,Tourism,5,High,Northern,Informal
S1705,English,Runyankole,Wash your hands,[Runyankole translation] Naba engaro,Health,3,High,Western,Formal
S1706,English,Rukiga,School begins tomorrow,[[Rukiga translation] Eishomero niritandika nyencakare,Education,3,High,Western,Formal
S1707,English,Luganda,School begins tomorrow,[Luganda translation] Essomero litandika enkya,Education,3,High,Northern,Informal
S1708,English,Ateso,Wash your hands,[Ateso translation] Elota akani,Health,3,High,Northern,Formal
S1709,English,Ateso,This park has many animals,[Ateso translation] Epu eitur awujo,Tourism,5,High,Western,Informal
S1710,English,Lusoga,This park has many animals,[Lusoga translation] Paaka eno elina ensolo kamaala,Tourism,5,High,Central,Formal
S1711,English,Ateso,The road is bad,[Ateso translation] Ebarabara ekeda aiboroit.,Daily Conversation,4,High,West Nile,Formal
S1712,English,Luganda,The crops are ready,[Luganda translation] Ebirime bikuze,Agriculture,4,High,Central,Formal
S1713,English,Luganda,The road is bad,[Luganda translation] Ekkubo libi,Daily Conversation,4,High,Western,Informal
S1714,English,Lugbara,The patient needs medicine,[Lugbara translation] Ba azoruri le aro,Health,4,High,Central,Informal
S1715,English,Lusoga,Wash your hands,[Lusoga translation] Naaba engalo dho,Health,3,High,Central,Formal
S1716,English,Rukiga,The road is bad,[Rukiga translation] Oruguuto nirubi,Tourism,4,High,Western,Informal
S1717,English,Rukiga,School begins tomorrow,[[Rukiga translation] Eishomero niritandika nyencakare,Education,3,High,West Nile,Informal
S1718,English,Lugbara,Welcome,[Lugbara translation] Ma ai mira,Health,1,High,Central,Formal
S1719,English,Ateso,The patient needs medicine,[Ateso translation] Ekotosi adeka ekia,Health,4,High,West Nile,Informal
S1720,English,Acholi,Thank you,[Acholi translation] Apwoya wun weng,Tourism,2,High,West Nile,Informal
S1721,English,Ateso,Good morning,[Ateso translation] Ber otingela.,Daily Conversation,2,High,Central,Informal
S1722,English,Runyankole,We are going home,[Runyankole translation] Turiyo nitutaha omuka,Government,4,High,West Nile,Informal
S1723,English,Rukiga,This park has many animals,[Rukiga translation] Paaka egi erimu enyamaiswa mingi,Tourism,5,High,Central,Formal
S1724,English,Lusoga,Open the door,[Lusoga translation] Igulawo olwigi,Education,3,High,Northern,Formal
S1725,English,Acholi,This park has many animals,[Acholi translation] Kabedo pa lee ni tye ki lee mapol,Tourism,5,High,Western,Formal
S1726,English,Runyankole,The market is busy today,[Runyankole translation] Akatare kali busy,Business,5,High,Central,Informal
S1727,English,Lusoga,Open the door,[Lusoga translation] Igulawo olwigi,Daily Conversation,3,High,Eastern,Informal
S1728,English,Acholi,The market is busy today,[Acholi translation] Cuk tye ka tic matek tin,Business,5,High,Western,Formal
S1729,English,Lugbara,This park has many animals,[Lugbara translation] Jeredigada anakpaki minji,Tourism,5,High,Eastern,Formal
S1730,English,Ateso,The road is bad,[Ateso translation] Ebarabara ekeda aiboroit.,Business,4,High,Western,Informal
S1731,English,Acholi,Welcome,[Acholi translation] Wa joli,Business,1,High,Western,Informal
S1732,English,Rukiga,This park has many animals,[Rukiga translation] Paaka egi erimu enyamaiswa mingi,Tourism,5,High,Central,Formal
S1733,English,Ateso,Thank you,[Ateso translation] Eyalama noi.,Agriculture,2,High,Eastern,Formal
S1734,English,Lugbara,The patient needs medicine,[Lugbara translation] Ba azoruri le aro,Health,4,High,Western,Formal
S1735,English,Ateso,Open the door,[Ateso translation] Buka ebwogo.,Education,3,High,Central,Informal
S1736,English,Rukiga,The crops are ready,[[Rukiga translation] Ebihingwa byezire,Agriculture,4,High,Eastern,Formal
S1737,English,Rukiga,The patient needs medicine,[Rukiga translation] Omurwaire nayetenga embazi,Health,4,High,West Nile,Informal
S1738,English,Rukiga,The market is busy today,[Rukiga translation] Akatare kijwire erizoba,Business,5,High,Eastern,Informal
S1739,English,Ateso,The market is busy today,[Ateso translation] Ipu etunya osokoni,Business,5,High,Central,Formal
S1740,English,Rukiga,The market is busy today,[Rukiga translation] Akatare kijwire erizoba,Business,5,High,Central,Formal
S1741,English,Luganda,The road is bad,[Luganda translation] Ekkubo libi,Business,4,High,Central,Informal
S1742,English,Ateso,This park has many animals,[Ateso translation] Epu eitur awujo,Tourism,5,High,West Nile,Informal
S1743,English,Rukiga,We are going home,[[Rukiga translation] Turiyo nituza omuka,Daily Conversation,4,High,Northern,Formal
S1744,English,Lugbara,The road is bad,[Lugbara translation] Njila unji,Agriculture,4,High,Central,Formal
S1745,English,Runyankole,The road is bad,[Runyankole translation] Oruguto nirubi,Government,4,High,Eastern,Formal
S1746,English,Luganda,Thank you,[Luganda translation] Webale,Health,2,High,Northern,Informal
S1747,English,Runyankole,This park has many animals,[Runyankole translation] Ekishaka kyiine ebinyamaiswa nyingi,Tourism,5,High,Eastern,Informal
S1748,English,Acholi,The patient needs medicine,[Acholi translation] Latwo ni mito yat,Health,4,High,West Nile,Formal
S1749,English,Lugbara,We are going home,[Lugbara translation] Ama mu akuwa,Government,4,High,Western,Formal
S1750,English,Acholi,Good morning,[Acholi translation] Wu coo Maber,Health,2,High,Central,Formal
S1751,English,Acholi,The crops are ready,[Acholi translation] Jami ma ki pito dong tye atera,Agriculture,4,High,Eastern,Formal
S1752,English,Lugbara,The road is bad,[Lugbara translation] Njila unji,Business,4,High,Western,Informal
S1753,English,Lusoga,We are going home,[Lusoga translation] Tuli kugya waka,Government,4,High,Northern,Formal
S1754,English,Ateso,The patient needs medicine,[Ateso translation] Ekotosi adeka ekia,Health,4,High,Eastern,Informal
S1755,English,Ateso,This park has many animals,[Ateso translation] Epu eitur awujo,Tourism,5,High,West Nile,Informal
S1756,English,Runyankole,Welcome,[Runyankole translation] Twakushemererwa,Daily Conversation,unknown,High,West Nile,Informal
S1757,English,Runyankole,Wash your hands,[Runyankole translation] Naba engaro,Health,3,High,Northern,Formal
S1758,English,Rukiga,This park has many animals,[Rukiga translation] Paaka egi erimu enyamaiswa mingi,Tourism,5,High,West Nile,Formal
S1759,English,Runyankole,Wash your hands,[Runyankole translation] Naba engaro,Health,3,High,Western,Informal
S1760,English,Ateso,This park has many animals,[Ateso translation] Epu eitur awujo,Tourism,5,High,Eastern,Informal
S1761,English,Acholi,Thank you,[Acholi translation] Apwoya wun weng,Education,2,High,Northern,Informal
S1762,English,Acholi,Good morning,[Acholi translation] Wu coo Maber,Business,2,High,Central,Informal
S1763,English,Luganda,The market is busy today,[Luganda translation] Akatale kaliimu abantu bangi leero,Business,5,High,Western,Formal
S1764,English,Lusoga,The market is busy today,[Lusoga translation] Akatale kalimu abantu kamala olwalelo,Business,5,High,Eastern,Informal
S1765,English,Lugbara,The crops are ready,[Lugbara translation] Nyaka afukibo,Agriculture,4,High,Central,Formal
S1766,English,Acholi,Wash your hands,[Acholi translation] Lwok cingi,Health,3,High,Eastern,Informal
S1767,English,Lusoga,Good morning,[Lusoga translation] Wasuze otya,Business,2,High,Northern,Formal
S1768,English,Acholi,We are going home,[Acholi translation] Watye ka dok gang,Health,4,High,Western,Formal
S1769,English,Rukiga,The crops are ready,[[Rukiga translation] Ebihingwa byezire,Agriculture,4,High,Northern,Informal
S1770,English,Lusoga,The crops are ready,[Lusoga translation] Ebisimbe byatuuka,Agriculture,4,High,West Nile,Formal
S1771,English,Acholi,The road is bad,[Acholi translation] Gudu ni rac,Agriculture,4,High,Central,Formal
S1772,English,Lugbara,We are going home,[Lugbara translation] Ama mu akuwa,Education,4,High,West Nile,Formal
S1773,English,Ateso,This park has many animals,[Ateso translation] Epu eitur awujo,Tourism,5,High,Northern,Informal
S1774,English,Lugbara,This park has many animals,[Lugbara translation] Jeredigada anakpaki minji,Tourism,5,High,Northern,Informal
S1775,English,Rukiga,We are going home,[[Rukiga translation] Turiyo nituza omuka,Tourism,4,High,Northern,Informal
S1776,English,Acholi,This park has many animals,[Acholi translation] Kabedo pa lee ni tye ki lee mapol,Tourism,5,High,Eastern,Informal
S1777,English,Luganda,The crops are ready,[Luganda translation] Ebirime bikuze,Agriculture,4,High,Eastern,Formal
S1778,English,Acholi,We are going home,[Acholi translation] Watye ka dok gang,Agriculture,4,High,Central,Informal
S1779,English,Luganda,We are going home,[Luganda translation] Tugenda waka,Daily Conversation,4,High,Central,Informal
S1780,English,Ateso,The patient needs medicine,[Ateso translation] Ekotosi adeka ekia,Health,4,High,Central,Informal
S1781,English,Rukiga,Welcome,[Rukiga translation] Twakwakiira,Daily Conversation,1,High,Western,Formal
S1782,English,Rukiga,Welcome,[Rukiga translation] Twakwakiira,Government,1,High,Northern,Informal
S1783,English,Ateso,We are going home,[Ateso translation] Alototo oire,Daily Conversation,4,High,West Nile,Informal
S1784,English,Lugbara,The patient needs medicine,[Lugbara translation] Ba azoruri le aro,Health,4,High,Western,Informal
S1785,English,Runyankole,We are going home,[Runyankole translation] Turiyo nitutaha omuka,Government,4,High,Eastern,Formal
S1786,English,Acholi,Thank you,[Acholi translation] Apwoya wun weng,Education,2,High,West Nile,Formal
S1787,English,Luganda,School begins tomorrow,[Luganda translation] Essomero litandika enkya,Education,3,High,West Nile,Informal
S1788,English,Runyankole,The crops are ready,[Runyankole translation] Ebihingwa byahaire,Agriculture,4,High,Eastern,Formal
S1789,English,Luganda,Good morning,[Luganda translation] Wasuze otya,Education,2,High,Western,Formal
S1790,English,Runyankole,Wash your hands,[Runyankole translation] Naba engaro,Health,3,High,Western,Formal
S1791,English,Lugbara,The crops are ready,[Lugbara translation] Nyaka afukibo,Agriculture,4,High,West Nile,Formal
S1792,English,Luganda,Thank you,[Luganda translation] Webale,Health,2,High,Western,Informal
S1793,English,Lusoga,The patient needs medicine,[Lusoga translation] Omulwaire yetaaga obulezi,Health,4,High,Western,Informal
S1794,English,Luganda,The market is busy today,[Luganda translation] Akatale kaliimu abantu bangi leero,Business,5,High,Northern,Informal
S1795,English,Ateso,Thank you,[Ateso translation] Eyalama noi.,Daily Conversation,2,High,Western,Informal
S1796,English,Luganda,The market is busy today,[Luganda translation] Akatale kaliimu abantu bangi leero,Business,5,High,Central,Formal
S1797,English,Acholi,School begins tomorrow,[Acholi translation] Gang Kwan obi cake diki,Education,3,High,Northern,Formal
S1798,English,Acholi,School begins tomorrow,[Acholi translation] Gang Kwan obi cake diki,Education,3,High,Western,Formal
S1799,English,Luganda,We are going home,[Luganda translation] Tugenda waka,Daily Conversation,4,High,Eastern,Informal
S1800,English,Lusoga,The road is bad,[Lusoga translation] Oluguudo lubi,Tourism,4,High,Central,Informal
S1801,English,Lusoga,We are going home,[Lusoga translation] Tuli kugya waka,Government,4,High,Western,Formal
S1802,English,Acholi,School begins tomorrow,[Acholi translation] Gang Kwan obi cake diki,Education,3,High,West Nile,Formal
S1803,English,Luganda,School begins tomorrow,[Luganda translation] Essomero litandika enkya,Education,3,High,Eastern,Formal
S1804,English,Runyankole,Welcome,[Runyankole translation] Twakushemererwa,Health,1,High,Northern,Formal
S1805,English,Rukiga,Wash your hands,[Rukiga translation] Naaba engaro zaawe,Health,3,High,Northern,Informal
S1806,English,Luganda,School begins tomorrow,[Luganda translation] Essomero litandika enkya,Education,3,High,West Nile,Informal
S1807,English,Ateso,We are going home,[Ateso translation] Alototo oire,Daily Conversation,4,High,Western,Informal
S1808,English,Rukiga,Welcome,[Rukiga translation] Twakwakiira,Agriculture,1,High,West Nile,Formal
S1809,English,Rukiga,The crops are ready,[[Rukiga translation] Ebihingwa byezire,Agriculture,4,High,West Nile,Informal
S1810,English,Lugbara,Thank you,[Lugbara translation] Awodifo,Daily Conversation,2,High,Northern,Informal
S1811,English,Lusoga,Wash your hands,[Lusoga translation] Naaba engalo dho,Health,3,High,Western,Formal
S1812,English,Lugbara,Wash your hands,[Lugbara translation] Mi uji midriki,Health,3,High,Western,Formal
S1813,English,Lusoga,The patient needs medicine,[Lusoga translation] Omulwaire yetaaga obulezi,Health,4,High,Central,Formal
S1814,English,Lusoga,The crops are ready,[Lusoga translation] Ebisimbe byatuuka,Agriculture,4,High,Central,Informal
S1815,English,Rukiga,School begins tomorrow,[[Rukiga translation] Eishomero niritandika nyencakare,Education,3,High,Central,Formal
S1816,English,Ateso,Good morning,[Ateso translation] Ber otingela.,Business,2,High,Central,Informal
S1817,English,Lugbara,Wash your hands,[Lugbara translation] Mi uji midriki,Health,3,High,Central,Informal
S1818,English,Luganda,Thank you,[Luganda translation] Webale,Government,2,High,Western,Informal
S1819,English,Luganda,Good morning,[Luganda translation] Wasuze otya,Business,2,High,Western,Informal
S1820,English,Luganda,The crops are ready,[Luganda translation] Ebirime bikuze,Agriculture,4,High,Western,Formal
S1821,English,Acholi,This park has many animals,[Acholi translation] Kabedo pa lee ni tye ki lee mapol,Tourism,5,High,Northern,Informal
S1822,English,Luganda,School begins tomorrow,[Luganda translation] Essomero litandika enkya,Education,3,High,Northern,Informal
S1823,English,Ateso,We are going home,[Ateso translation] Alototo oire,Daily Conversation,4,High,Western,Formal
S1824,English,Luganda,Wash your hands,[Luganda translation] Naaba emikono gyo,Health,3,High,Northern,Informal
S1825,English,Lusoga,We are going home,[Lusoga translation] Tuli kugya waka,Agriculture,4,High,Western,Informal
S1826,English,Rukiga,Wash your hands,[Rukiga translation] Naaba engaro zaawe,Health,3,High,Eastern,Formal
S1827,English,Rukiga,Open the door,[Rukiga translation] Yaigura orwigi,Tourism,3,High,Central,Informal
S1828,English,Runyankole,School begins tomorrow,[Runyankole translation] Eishomero niritandika nyencakare,Education,3,High,Central,Informal
S1829,English,Ateso,Thank you,[Ateso translation] Eyalama noi.,Health,2,High,Central,Informal
S1830,English,Lugbara,Welcome,[Lugbara translation] Ma ai mira,Health,1,High,Northern,Informal
S1831,English,Lugbara,The patient needs medicine,[Lugbara translation] Ba azoruri le aro,Health,4,High,Eastern,Informal
S1832,English,Luganda,The patient needs medicine,[Luganda translation] Omulwadde yeetaaga eddagala,Health,4,High,Northern,Informal
S1833,English,Ateso,Open the door,[Ateso translation] Buka ebwogo.,Government,3,High,Northern,Informal
S1834,English,Rukiga,This park has many animals,[Rukiga translation] Paaka egi erimu enyamaiswa mingi,Tourism,5,High,Eastern,Informal
S1835,English,Ateso,School begins tomorrow,[Ateso translation] Egenu esomero emoi,Education,3,High,Northern,Informal
S1836,English,Rukiga,The patient needs medicine,[Rukiga translation] Omurwaire nayetenga embazi,Health,4,High,Eastern,Formal
S1837,English,Rukiga,The patient needs medicine,[Rukiga translation] Omurwaire nayetenga embazi,Health,4,High,Northern,Informal
S1838,English,Acholi,The road is bad,[Acholi translation] Gudu ni rac,Tourism,4,High,West Nile,Informal
S1839,English,Ateso,The crops are ready,[Ateso translation] Ebaret ekeda aiyare.,Agriculture,4,High,Central,Informal
S1840,English,Luganda,The patient needs medicine,[Luganda translation] Omulwadde yeetaaga eddagala,Health,4,High,West Nile,Formal
S1841,English,Lugbara,School begins tomorrow,[Lugbara translation] Sukulu la ido dusi,Education,3,High,Northern,Formal
S1842,English,Rukiga,This park has many animals,[Rukiga translation] Paaka egi erimu enyamaiswa mingi,Tourism,5,High,West Nile,Informal
S1843,English,Lugbara,Welcome,[Lugbara translation] Ma ai mira,Tourism,1,High,Northern,Informal
S1844,English,Luganda,The market is busy today,[Luganda translation] Akatale kaliimu abantu bangi leero,Business,5,High,Central,Formal
S1845,English,Rukiga,School begins tomorrow,[[Rukiga translation] Eishomero niritandika nyencakare,Education,3,High,Western,Informal
S1846,English,Lugbara,The crops are ready,[Lugbara translation] Nyaka afukibo,Agriculture,4,High,Western,Formal
S1847,English,Acholi,Welcome,[Acholi translation] Wa joli,Education,1,High,Central,Formal
S1848,English,Rukiga,The patient needs medicine,[Rukiga translation] Omurwaire nayetenga embazi,Health,4,High,Central,Formal
S1849,English,Ateso,Welcome,[Ateso translation] Ijalama anyin,Health,1,High,Central,Informal
S1850,English,Luganda,Welcome,[Luganda translation] Tukwaniriza,Tourism,1,High,Northern,Informal
S1851,English,Ateso,Welcome,[Ateso translation] Ijalama anyin,Government,1,High,Northern,Formal
S1852,English,Luganda,Welcome,[Luganda translation] Tukwaniriza,Education,1,High,Northern,Informal
S1853,English,Runyankole,The patient needs medicine,[Runyankole translation] Omurwire nayenda omubazi,Health,4,High,Northern,Formal
S1854,English,Luganda,This park has many animals,[Luganda translation] Paaka eno erimu ensolo nyingi,Tourism,5,High,West Nile,Formal
S1855,English,Acholi,This park has many animals,[Acholi translation] Kabedo pa lee ni tye ki lee mapol,Tourism,5,High,Eastern,Informal
S1856,English,Runyankole,Open the door,[Runyankole translation] Yigura orwigyi,Daily Conversation,3,High,Central,Informal
S1857,English,Luganda,School begins tomorrow,[Luganda translation] Essomero litandika enkya,Education,3,High,Western,Formal
S1858,English,Runyankole,School begins tomorrow,[Runyankole translation] Eishomero niritandika nyencakare,Education,3,High,Northern,Informal
S1859,English,Rukiga,The crops are ready,[[Rukiga translation] Ebihingwa byezire,Agriculture,4,High,West Nile,Informal
S1860,English,Luganda,This park has many animals,[Luganda translation] Paaka eno erimu ensolo nyingi,Tourism,5,High,Central,Informal
S1861,English,Runyankole,The patient needs medicine,[Runyankole translation] Omurwire nayenda omubazi,Health,4,High,Western,Formal
S1862,English,Runyankole,Welcome,[Runyankole translation] Twakushemererwa,Education,1,High,Eastern,Informal
S1863,English,Ateso,The road is bad,[Ateso translation] Ebarabara ekeda aiboroit.,Business,4,High,Central,Informal
S1864,English,Ateso,Welcome,[Ateso translation] Ijalama anyin,Agriculture,1,High,West Nile,Informal
S1865,English,Rukiga,Open the door,[Rukiga translation] Yaigura orwigi,Education,3,High,Central,Formal
S1866,English,Ateso,Open the door,[Ateso translation] Buka ebwogo.,Agriculture,3,High,Eastern,Informal
S1867,English,Lusoga,School begins tomorrow,[Lusoga translation] Eisomero litandika idho,Education,3,High,Northern,Informal
S1868,English,Lusoga,Open the door,[Lusoga translation] Igulawo olwigi,Government,3,High,Central,Formal
S1869,English,Rukiga,Thank you,[Rukiga translation] Webare,Health,2,High,Eastern,Formal
S1870,English,Runyankole,We are going home,[Runyankole translation] Turiyo nitutaha omuka,Agriculture,4,High,Northern,Formal
S1871,English,Lugbara,Welcome,[Lugbara translation] Ma ai mira,Daily Conversation,1,High,Northern,Formal
S1872,English,Ateso,School begins tomorrow,[Ateso translation] Egenu esomero emoi,Education,3,High,Northern,Informal
S1873,English,Runyankole,The road is bad,[Runyankole translation] Oruguto nirubi,Tourism,4,High,West Nile,Informal
S1874,English,Lugbara,The crops are ready,[Lugbara translation] Nyaka afukibo,Agriculture,4,High,Central,Formal
S1875,English,Lugbara,We are going home,[Lugbara translation] Ama mu akuwa,Education,4,High,Northern,Informal
S1876,English,Ateso,Thank you,[Ateso translation] Eyalama noi.,Business,2,High,Eastern,Informal
S1877,English,Acholi,We are going home,[Acholi translation] Watye ka dok gang,Government,4,High,Eastern,Formal
S1878,English,Acholi,Thank you,[Acholi translation] Apwoya wun weng,Daily Conversation,2,High,Western,Informal
S1879,English,Rukiga,Welcome,[Rukiga translation] Twakwakiira,Education,1,High,Northern,Formal
S1880,English,Ateso,The market is busy today,[Ateso translation] Ipu etunya osokoni,Business,5,High,West Nile,Informal
S1881,English,Luganda,The patient needs medicine,[Luganda translation] Omulwadde yeetaaga eddagala,Health,4,High,Eastern,Informal
S1882,English,Lusoga,School begins tomorrow,[Lusoga translation] Eisomero litandika idho,Education,3,High,Western,Informal
S1883,English,Lusoga,The market is busy today,[Lusoga translation] Akatale kalimu abantu kamala olwalelo,Business,5,High,Northern,Informal
S1884,English,Luganda,Good morning,[Luganda translation] Wasuze otya,Government,2,High,Eastern,Formal
S1885,English,Runyankole,The market is busy today,[Runyankole translation] Akatare kali busy,Business,5,High,West Nile,Formal
S1886,English,Luganda,Wash your hands,[Luganda translation] Naaba emikono gyo,Health,3,High,Eastern,Formal
S1887,English,Runyankole,Wash your hands,[Runyankole translation] Naba engaro,Health,3,High,Central,Formal
S1888,English,Ateso,This park has many animals,[Ateso translation] Epu eitur awujo,Tourism,5,High,West Nile,Informal
S1889,English,Lugbara,School begins tomorrow,[Lugbara translation] Sukulu la ido dusi,Education,3,High,Central,Formal
S1890,English,Runyankole,The road is bad,[Runyankole translation] Oruguto nirubi,Government,4,High,Central,Formal
S1891,English,Acholi,Open the door,[Acholi translation] Yab doggola,Health,3,High,Western,Informal
S1892,English,Acholi,Welcome,[Acholi translation] Wa joli,Education,1,High,Eastern,Informal
S1893,English,Luganda,The market is busy today,[Luganda translation] Akatale kaliimu abantu bangi leero,Business,5,High,Western,Informal
S1894,English,Acholi,Good morning,[Acholi translation] Wu coo Maber,Tourism,2,High,West Nile,Formal
S1895,English,Rukiga,This park has many animals,[Rukiga translation] Paaka egi erimu enyamaiswa mingi,Tourism,5,High,Central,Informal
S1896,English,Rukiga,Thank you,[Rukiga translation] Webare,Tourism,2,High,Central,Formal
S1897,English,Lusoga,The market is busy today,[Lusoga translation] Akatale kalimu abantu kamala olwalelo,Business,5,High,Northern,Formal
S1898,English,Ateso,Wash your hands,[Ateso translation] Elota akani,Health,3,High,West Nile,Informal
S1899,English,Ateso,The patient needs medicine,[Ateso translation] Ekotosi adeka ekia,Health,4,High,West Nile,Informal
S1900,English,Runyankole,School begins tomorrow,[Runyankole translation] Eishomero niritandika nyencakare,Education,3,High,Eastern,Formal
S1901,English,Luganda,Open the door,[Luganda translation] Ggulawo oluggi,Health,3,High,Central,Formal
S1902,English,Ateso,Open the door,[Ateso translation] Buka ebwogo.,Business,3,High,Northern,Informal
S1903,English,Runyankole,The patient needs medicine,[Runyankole translation] Omurwire nayenda omubazi,Health,4,High,Western,Informal
S1904,English,Lusoga,The market is busy today,[Lusoga translation] Akatale kalimu abantu kamala olwalelo,Business,5,High,Western,Informal
S1905,English,Ateso,The crops are ready,[Ateso translation] Ebaret ekeda aiyare.,Agriculture,4,High,Central,Informal
S1906,English,Runyankole,The market is busy today,[Runyankole translation] Akatare kali busy,Business,5,High,Northern,Informal
S1907,English,Luganda,School begins tomorrow,[Luganda translation] Essomero litandika enkya,Education,3,High,Eastern,Informal
S1908,English,Acholi,The road is bad,[Acholi translation] Gudu ni rac,Tourism,4,High,West Nile,Informal
S1909,English,Runyankole,The crops are ready,[Runyankole translation] Ebihingwa byahaire,Agriculture,4,High,Eastern,Formal
S1910,English,Lugbara,Thank you,[Lugbara translation] Awodifo,Agriculture,2,High,Western,Informal
S1911,English,Luganda,This park has many animals,[Luganda translation] Paaka eno erimu ensolo nyingi,Tourism,5,High,Central,Informal
S1912,English,Runyankole,Welcome,[Runyankole translation] Twakushemererwa,Business,1,High,Central,Informal
S1913,English,Luganda,Good morning,[Luganda translation] Wasuze otya,Tourism,2,High,Northern,Formal
S1914,English,Lusoga,This park has many animals,[Lusoga translation] Paaka eno elina ensolo kamaala,Tourism,5,High,West Nile,Informal
S1915,English,Luganda,We are going home,[Luganda translation] Tugenda waka,Government,4,High,Eastern,Informal
S1916,English,Runyankole,Welcome,[Runyankole translation] Twakushemererwa,Health,1,High,Western,Informal
S1917,English,Acholi,Wash your hands,[Acholi translation] Lwok cingi,Health,3,High,Northern,Formal
S1918,English,Luganda,Wash your hands,[Luganda translation] Naaba emikono gyo,Health,3,High,Northern,Formal
S1919,English,Acholi,This park has many animals,[Acholi translation] Kabedo pa lee ni tye ki lee mapol,Tourism,5,High,Western,Informal
S1920,English,Acholi,This park has many animals,[Acholi translation] Kabedo pa lee ni tye ki lee mapol,Tourism,5,High,Northern,Formal
S1921,English,Ateso,Open the door,[Ateso translation] Buka ebwogo.,Agriculture,3,High,Eastern,Informal
S1922,English,Lugbara,Open the door,[Lugbara translation] Indi kati,Business,3,High,Western,Informal
S1923,English,Lusoga,Welcome,[Lusoga translation] Tusangaile,Health,1,High,West Nile,Informal
S1924,English,Runyankole,The market is busy today,[Runyankole translation] Akatare kali busy,Business,5,High,Northern,Formal
S1925,English,Lugbara,Thank you,[Lugbara translation] Awodifo,Daily Conversation,2,High,West Nile,Informal
S1926,English,Runyankole,Welcome,[Runyankole translation] Twakushemererwa,Government,1,High,Northern,Formal
S1927,English,Acholi,Thank you,[Acholi translation] Apwoya wun weng,Daily Conversation,2,High,Western,Informal
S1928,English,Acholi,School begins tomorrow,[Acholi translation] Gang Kwan obi cake diki,Education,3,High,Eastern,Informal
S1929,English,Rukiga,The patient needs medicine,[Rukiga translation] Omurwaire nayetenga embazi,Health,4,High,Northern,Formal
S1930,English,Rukiga,Open the door,[Rukiga translation] Yaigura orwigi,Daily Conversation,3,High,Eastern,Informal
S1931,English,Rukiga,Welcome,[Rukiga translation] Twakwakiira,Daily Conversation,1,High,Western,Formal
S1932,English,Lugbara,We are going home,[Lugbara translation] Ama mu akuwa,Education,4,High,Western,Informal
S1933,English,Rukiga,The market is busy today,[Rukiga translation] Akatare kijwire erizoba,Business,5,High,Western,Informal
S1934,English,Luganda,Open the door,[Luganda translation] Ggulawo oluggi,Government,3,High,Northern,Informal
S1935,English,Runyankole,Wash your hands,[Runyankole translation] Naba engaro,Health,3,High,Eastern,Formal
S1936,English,Acholi,The patient needs medicine,[Acholi translation] Latwo ni mito yat,Health,4,High,Western,Formal
S1937,English,Acholi,Thank you,[Acholi translation] Apwoya wun weng,Agriculture,2,High,West Nile,Informal
S1938,English,Runyankole,The crops are ready,[Runyankole translation] Ebihingwa byahaire,Agriculture,4,High,Eastern,Formal
S1939,English,Lusoga,We are going home,[Lusoga translation] Tuli kugya waka,Government,4,High,Northern,Informal
S1940,English,Luganda,Good morning,[Luganda translation] Wasuze otya,Government,2,High,Western,Formal
S1941,English,Runyankole,The crops are ready,[Runyankole translation] Ebihingwa byahaire,Agriculture,4,High,Eastern,Formal
S1942,English,Luganda,Open the door,[Luganda translation] Ggulawo oluggi,Education,3,High,West Nile,Formal
S1943,English,Luganda,The crops are ready,[Luganda translation] Ebirime bikuze,Agriculture,4,High,Central,Informal
S1944,English,Ateso,Wash your hands,[Ateso translation] Elota akani,Health,3,High,Central,Formal
S1945,English,Ateso,Good morning,[Ateso translation] Ber otingela.,Agriculture,2,High,West Nile,Informal
S1946,English,Runyankole,Welcome,[Runyankole translation] Twakushemererwa,Health,1,High,West Nile,Formal
S1947,English,Rukiga,The market is busy today,[Rukiga translation] Akatare kijwire erizoba,Business,5,High,Central,Informal
S1948,English,Luganda,Good morning,[Luganda translation] Wasuze otya,Agriculture,2,High,West Nile,Formal
S1949,English,Lugbara,We are going home,[Lugbara translation] Ama mu akuwa,Agriculture,4,High,Eastern,Formal
S1950,English,Luganda,Welcome,[Luganda translation] Tukwaniriza,Education,1,High,Western,Informal
S1951,English,Rukiga,Open the door,[Rukiga translation] Yaigura orwigi,Tourism,3,High,Northern,Formal
S1952,English,Ateso,Wash your hands,[Ateso translation] Elota akani,Health,3,High,Eastern,Informal
S1953,English,Acholi,Open the door,[Acholi translation] Yab doggola,Education,3,High,Central,Formal
S1954,English,Acholi,Thank you,[Acholi translation] Apwoya wun weng,Education,2,High,Eastern,Informal
S1955,English,Rukiga,Good morning,[Rukiga translation] Bwashesha gye,Daily Conversation,2,High,Northern,Formal
S1956,English,Lugbara,Wash your hands,[Lugbara translation] Mi uji midriki,Health,3,High,Central,Formal
S1957,English,Acholi,The market is busy today,[Acholi translation] Cuk tye ka tic matek tin,Business,5,High,Eastern,Formal
S1958,English,Lugbara,This park has many animals,[Lugbara translation] Jeredigada anakpaki minji,Tourism,5,High,Western,Formal
S0001,English,Luganda,The road is bad,[Luganda translation] Ekkubo libi,Agriculture,4,High,Eastern,Formal
S1960,English,Lugbara,Thank you,[Lugbara translation] Awodifo,Education,2,High,Northern,Formal
S1961,English,Lusoga,Wash your hands,[Lusoga translation] Naaba engalo dho,Health,3,High,Eastern,Informal
S1962,English,Ateso,Good morning,[Ateso translation] Ber otingela.,Education,2,High,Eastern,Formal
S1963,English,Luganda,School begins tomorrow,[Luganda translation] Essomero litandika enkya,Education,3,High,West Nile,Informal
S1964,English,Ateso,The road is bad,[Ateso translation] Ebarabara ekeda aiboroit.,Health,4,High,Eastern,Informal
S1965,English,Acholi,The crops are ready,[Acholi translation] Jami ma ki pito dong tye atera,Agriculture,4,High,Eastern,Formal
S1966,English,Rukiga,The patient needs medicine,[Rukiga translation] Omurwaire nayetenga embazi,Health,4,High,Western,Informal
S1967,English,Rukiga,Welcome,[Rukiga translation] Twakwakiira,Agriculture,1,High,Central,Formal
S1968,English,Ateso,Good morning,[Ateso translation] Ber otingela.,Tourism,2,High,West Nile,Informal
S1969,English,Lugbara,Welcome,[Lugbara translation] Ma ai mira,Health,1,High,Western,Formal
S1970,English,Lusoga,School begins tomorrow,[Lusoga translation] Eisomero litandika idho,Education,3,High,Eastern,Informal
S1971,English,Lugbara,We are going home,[Lugbara translation] Ama mu akuwa,Government,4,High,Western,Formal
S1972,English,Acholi,This park has many animals,[Acholi translation] Kabedo pa lee ni tye ki lee mapol,Tourism,5,High,Northern,Formal
S1973,English,Runyankole,Open the door,[Runyankole translation] Yigura orwigyi,Government,3,High,Northern,Formal
S1974,English,Ateso,Wash your hands,[Ateso translation] Elota akani,Health,3,High,Eastern,Formal
S1975,English,Ateso,Welcome,[Ateso translation] Ijalama anyin,Daily Conversation,1,High,Central,Informal
S1976,English,Lusoga,The road is bad,[Lusoga translation] Oluguudo lubi,Agriculture,4,High,Eastern,Formal
S1977,English,Rukiga,This park has many animals,[Rukiga translation] Paaka egi erimu enyamaiswa mingi,Tourism,5,High,Northern,Formal
S1978,English,Ateso,Wash your hands,[Ateso translation] Elota akani,Health,3,High,Central,Formal
S1979,English,Runyankole,Good morning,[Runyankole translation] Oreire ota,Government,2,High,Northern,Informal
S1980,English,Runyankole,Thank you,[Runyankole translation] Webare,Tourism,2,High,West Nile,Informal
S1981,English,Rukiga,The road is bad,[Rukiga translation] Oruguuto nirubi,Daily Conversation,4,High,West Nile,Formal
S1982,English,Ateso,We are going home,[Ateso translation] Alototo oire,Daily Conversation,4,High,Eastern,Formal
S1983,English,Luganda,The market is busy today,[Luganda translation] Akatale kaliimu abantu bangi leero,Business,5,High,Northern,Informal
S1984,English,Runyankole,Wash your hands,[Runyankole translation] Naba Engaro,Health,3,High,Western,Informal
S1985,English,Rukiga,Open the door,[Rukiga translation] Yaigura orwigi,Tourism,3,High,Eastern,Informal
S1986,English,Acholi,The road is bad,[Acholi translation] Gudu ni rac,Tourism,4,High,Northern,Formal
S1987,English,Rukiga,This park has many animals,[Rukiga translation] Paaka egi erimu enyamaiswa mingi,Tourism,5,High,Central,Informal
S1988,English,Luganda,Welcome,[Luganda translation] Tukwaniriza,Government,1,High,Western,Formal
S1989,English,Lugbara,Thank you,[Lugbara translation] Awodifo,Agriculture,2,High,Central,Formal
S1990,English,Lusoga,Welcome,[Lusoga translation] Tusangaile,Health,1,High,Western,Informal
S1991,English,Ateso,Open the door,[Ateso translation] Buka ebwogo.,Education,3,High,West Nile,Informal
S1992,English,Rukiga,Wash your hands,[Rukiga translation] Naaba engaro zaawe,Health,3,High,Northern,Formal
S1993,English,Acholi,The crops are ready,[Acholi translation] Jami ma ki pito dong tye atera,Agriculture,4,High,Eastern,Formal
S1994,English,Ateso,This park has many animals,[Ateso translation] Epu eitur awujo,Tourism,5,High,West Nile,Formal
S1995,English,Lusoga,School begins tomorrow,[Lusoga translation] Eisomero litandika idho,Education,3,High,Western,Formal
S1996,English,Lusoga,The road is bad,[Lusoga translation] Oluguudo lubi,Education,4,High,Eastern,Formal
S1997,English,Luganda,The road is bad,[Luganda translation] Ekkubo libi,Tourism,4,High,Central,Informal
S1998,English,Rukiga,The patient needs medicine,[Rukiga translation] Omurwaire nayetenga embazi,Health,4,High,Western,Informal
S1999,English,Lusoga,Welcome,[Lusoga translation] Tusangaile,Government,1,High,Northern,Informal
S2000,English,Acholi,Thank you,[Acholi translation] Apwoya wun weng,Government,2,High,Central,Informal
S2001,English,Acholi,Thank you,[Acholi translation] Apwoya wun weng,Government,3,High,Central,Informal